Fecha,Unidades,Dia,Mes,Año,Festivo,Dia_Semana,Semana_Año,Quincena,dias_laborales,Unidades predecidas
2012-01-01,0,1,1,2012,1,6,52,1,0,26.706736
2012-01-02,188,2,1,2012,0,0,1,1,1,302.87054
2012-01-03,482,3,1,2012,0,1,1,1,1,538.1752
2012-01-04,927,4,1,2012,0,2,1,1,1,975.1325
2012-01-05,1159,5,1,2012,0,3,1,1,1,1032.5245
2012-01-06,996,6,1,2012,0,4,1,1,1,1021.23615
2012-01-07,243,7,1,2012,0,5,1,1,1,269.3748
2012-01-08,0,8,1,2012,0,6,1,1,0,26.706736
2012-01-09,0,9,1,2012,1,0,2,1,0,21.611807
2012-01-10,697,10,1,2012,0,1,2,1,1,841.17535
2012-01-11,956,11,1,2012,0,2,2,1,1,1021.1878
2012-01-12,1001,12,1,2012,0,3,2,1,1,1021.23615
2012-01-13,1170,13,1,2012,0,4,2,1,1,1021.23615
2012-01-14,372,14,1,2012,0,5,2,1,1,346.03723
2012-01-15,1,15,1,2012,0,6,2,1,0,26.706736
2012-01-16,805,16,1,2012,0,0,3,2,1,779.4366
2012-01-17,913,17,1,2012,0,1,3,2,1,971.454
2012-01-18,1049,18,1,2012,0,2,3,2,1,1005.6444
2012-01-19,979,19,1,2012,0,3,3,2,1,1005.69275
2012-01-20,1018,20,1,2012,0,4,3,2,1,1005.69275
2012-01-21,312,21,1,2012,0,5,3,2,1,346.03723
2012-01-22,0,22,1,2012,0,6,3,2,0,26.706736
2012-01-23,802,23,1,2012,0,0,4,2,1,784.4214
2012-01-24,893,24,1,2012,0,1,4,2,1,971.454
2012-01-25,1030,25,1,2012,0,2,4,2,1,1018.669
2012-01-26,1108,26,1,2012,0,3,4,2,1,1000.20233
2012-01-27,1049,27,1,2012,0,4,4,2,1,1104.8507
2012-01-28,369,28,1,2012,0,5,4,2,1,375.4454
2012-01-29,2,29,1,2012,0,6,4,2,0,29.470425
2012-01-30,823,30,1,2012,0,0,5,2,1,1115.7897
2012-01-31,1046,31,1,2012,0,1,5,2,1,1029.1199
2012-02-01,1142,1,2,2012,0,2,5,1,1,1034.85
2012-02-02,1185,2,2,2012,0,3,5,1,1,1095.1382
2012-02-03,1295,3,2,2012,0,4,5,1,1,1118.6154
2012-02-04,344,4,2,2012,0,5,5,1,1,329.34573
2012-02-05,0,5,2,2012,0,6,5,1,0,26.706736
2012-02-06,853,6,2,2012,0,0,6,1,1,874.45734
2012-02-07,1170,7,2,2012,0,1,6,1,1,1069.3418
2012-02-08,1177,8,2,2012,0,2,6,1,1,1224.1234
2012-02-09,1182,9,2,2012,0,3,6,1,1,1251.6958
2012-02-10,1191,10,2,2012,0,4,6,1,1,1251.6958
2012-02-11,411,11,2,2012,0,5,6,1,1,353.44843
2012-02-12,1,12,2,2012,0,6,6,1,0,26.706736
2012-02-13,881,13,2,2012,0,0,7,1,1,909.1084
2012-02-14,1120,14,2,2012,0,1,7,1,1,1069.3418
2012-02-15,1126,15,2,2012,0,2,7,1,1,1208.5801
2012-02-16,1098,16,2,2012,0,3,7,2,1,1236.1525
2012-02-17,1243,17,2,2012,0,4,7,2,1,1236.1525
2012-02-18,309,18,2,2012,0,5,7,2,1,346.03723
2012-02-19,0,19,2,2012,0,6,7,2,0,26.706736
2012-02-20,733,20,2,2012,0,0,8,2,1,828.07666
2012-02-21,994,21,2,2012,0,1,8,2,1,1053.7985
2012-02-22,1186,22,2,2012,0,2,8,2,1,1208.5801
2012-02-23,1247,23,2,2012,0,3,8,2,1,1236.1525
2012-02-24,1315,24,2,2012,0,4,8,2,1,1236.1525
2012-02-25,386,25,2,2012,0,5,8,2,1,376.78412
2012-02-26,0,26,2,2012,0,6,8,2,0,26.706736
2012-02-27,855,27,2,2012,0,0,9,2,1,848.93823
2012-02-28,1239,28,2,2012,0,1,9,2,1,1169.9099
2012-02-29,1157,29,2,2012,0,2,9,2,1,1330.8446
2012-03-01,1201,1,3,2012,0,3,9,1,1,1227.8914
2012-03-02,1342,2,3,2012,0,4,9,1,1,1227.8914
2012-03-03,358,3,3,2012,0,5,9,1,1,350.70883
2012-03-04,0,4,3,2012,0,6,9,1,0,26.706736
2012-03-05,886,5,3,2012,0,0,10,1,1,897.09863
2012-03-06,1209,6,3,2012,0,1,10,1,1,1107.9976
2012-03-07,1553,7,3,2012,0,2,10,1,1,1272.2421
2012-03-08,1340,8,3,2012,0,3,10,1,1,1299.8145
2012-03-09,1279,9,3,2012,0,4,10,1,1,1299.8145
2012-03-10,489,10,3,2012,0,5,10,1,1,367.3717
2012-03-11,1,11,3,2012,0,6,10,1,0,26.706736
2012-03-12,971,12,3,2012,0,0,11,1,1,909.1084
2012-03-13,1305,13,3,2012,0,1,11,1,1,1088.3507
2012-03-14,1366,14,3,2012,0,2,11,1,1,1272.2421
2012-03-15,1357,15,3,2012,0,3,11,1,1,1265.2622
2012-03-16,1461,16,3,2012,0,4,11,2,1,1265.2622
2012-03-17,339,17,3,2012,0,5,11,2,1,346.03723
2012-03-18,0,18,3,2012,0,6,11,2,0,26.706736
2012-03-19,0,19,3,2012,1,0,12,2,0,9.614195
2012-03-20,937,20,3,2012,0,1,12,2,1,1053.7985
2012-03-21,1247,21,3,2012,0,2,12,2,1,1237.6898
2012-03-22,1332,22,3,2012,0,3,12,2,1,1265.2622
2012-03-23,1479,23,3,2012,0,4,12,2,1,1265.2622
2012-03-24,139,24,3,2012,0,5,12,2,1,296.02975
2012-03-25,32,25,3,2012,0,6,12,2,0,26.706736
2012-03-26,1113,26,3,2012,0,0,13,2,1,888.0354
2012-03-27,1163,27,3,2012,0,1,13,2,1,1109.453
2012-03-28,1469,28,3,2012,0,2,13,2,1,1330.8446
2012-03-29,1559,29,3,2012,0,3,13,2,1,1363.8827
2012-03-30,1805,30,3,2012,0,4,13,2,1,1513.6611
2012-03-31,485,31,3,2012,0,5,13,2,1,402.6684
2012-04-01,1,1,4,2012,0,6,13,1,0,26.706736
2012-04-02,1128,2,4,2012,0,0,14,1,1,950.3924
2012-04-03,1589,3,4,2012,0,1,14,1,1,1060.5333
2012-04-04,1182,4,4,2012,0,2,14,1,1,1238.5446
2012-04-05,1,5,4,2012,1,3,14,1,0,30.232578
2012-04-06,0,6,4,2012,1,4,14,1,0,30.232578
2012-04-07,1,7,4,2012,0,5,14,1,1,195.19522
2012-04-08,0,8,4,2012,0,6,14,1,0,26.706736
2012-04-09,770,9,4,2012,0,0,15,1,1,931.59375
2012-04-10,1196,10,4,2012,0,1,15,1,1,1088.3507
2012-04-11,1467,11,4,2012,0,2,15,1,1,1272.2421
2012-04-12,1456,12,4,2012,0,3,15,1,1,1299.8145
2012-04-13,1369,13,4,2012,0,4,15,1,1,1299.8145
2012-04-14,422,14,4,2012,0,5,15,1,1,367.91556
2012-04-15,0,15,4,2012,0,6,15,1,0,26.706736
2012-04-16,795,16,4,2012,0,0,16,2,1,875.6122
2012-04-17,1067,17,4,2012,0,1,16,2,1,1053.7985
2012-04-18,1360,18,4,2012,0,2,16,2,1,1237.6898
2012-04-19,1083,19,4,2012,0,3,16,2,1,1265.2622
2012-04-20,1443,20,4,2012,0,4,16,2,1,1265.2622
2012-04-21,310,21,4,2012,0,5,16,2,1,367.91556
2012-04-22,0,22,4,2012,0,6,16,2,0,26.706736
2012-04-23,965,23,4,2012,0,0,17,2,1,862.55963
2012-04-24,1143,24,4,2012,0,1,17,2,1,1053.7985
2012-04-25,1361,25,4,2012,0,2,17,2,1,1247.6947
2012-04-26,1264,26,4,2012,0,3,17,2,1,1229.2281
2012-04-27,737,27,4,2012,0,4,17,2,1,1231.0
2012-04-28,515,28,4,2012,0,5,17,2,1,479.21597
2012-04-29,34,29,4,2012,0,6,17,2,0,29.470425
2012-04-30,1286,30,4,2012,0,0,18,2,1,1154.9943
2012-05-01,3,1,5,2012,1,1,18,1,0,30.232578
2012-05-02,965,2,5,2012,0,2,18,1,1,1167.603
2012-05-03,1228,3,5,2012,0,3,18,1,1,1251.3685
2012-05-04,1349,4,5,2012,0,4,18,1,1,1298.8329
2012-05-05,375,5,5,2012,0,5,18,1,1,373.377
2012-05-06,0,6,5,2012,0,6,18,1,0,26.706736
2012-05-07,985,7,5,2012,0,0,19,1,1,931.59375
2012-05-08,1353,8,5,2012,0,1,19,1,1,1088.3507
2012-05-09,1426,9,5,2012,0,2,19,1,1,1272.2421
2012-05-10,1393,10,5,2012,0,3,19,1,1,1299.8145
2012-05-11,1455,11,5,2012,0,4,19,1,1,1299.8145
2012-05-12,230,12,5,2012,0,5,19,1,1,341.6617
2012-05-13,1,13,5,2012,0,6,19,1,0,26.706736
2012-05-14,1055,14,5,2012,0,0,20,1,1,931.59375
2012-05-15,1276,15,5,2012,0,1,20,1,1,1053.7985
2012-05-16,1314,16,5,2012,0,2,20,2,1,1237.6898
2012-05-17,1388,17,5,2012,0,3,20,2,1,1265.2622
2012-05-18,1282,18,5,2012,0,4,20,2,1,1265.2622
2012-05-19,437,19,5,2012,0,5,20,2,1,386.87198
2012-05-20,15,20,5,2012,0,6,20,2,0,26.706736
2012-05-21,0,21,5,2012,1,0,21,2,0,26.246655
2012-05-22,940,22,5,2012,0,1,21,2,1,1053.7985
2012-05-23,1045,23,5,2012,0,2,21,2,1,1237.6898
2012-05-24,1198,24,5,2012,0,3,21,2,1,1265.2622
2012-05-25,1338,25,5,2012,0,4,21,2,1,1275.2671
2012-05-26,436,26,5,2012,0,5,21,2,1,416.63278
2012-05-27,0,27,5,2012,0,6,21,2,0,26.706736
2012-05-28,894,28,5,2012,0,0,22,2,1,926.7466
2012-05-29,1146,29,5,2012,0,1,22,2,1,1147.3826
2012-05-30,1283,30,5,2012,0,2,22,2,1,1380.6415
2012-05-31,1256,31,5,2012,0,3,22,2,1,1405.0986
2012-06-01,1222,1,6,2012,0,4,22,1,1,1227.8914
2012-06-02,323,2,6,2012,0,5,22,1,1,342.80353
2012-06-03,1,3,6,2012,0,6,22,1,0,26.706736
2012-06-04,953,4,6,2012,0,0,23,1,1,919.584
2012-06-05,1156,5,6,2012,0,1,23,1,1,1107.9976
2012-06-06,1404,6,6,2012,0,2,23,1,1,1280.6361
2012-06-07,1453,7,6,2012,0,3,23,1,1,1299.8145
2012-06-08,1460,8,6,2012,0,4,23,1,1,1299.8145
2012-06-09,471,9,6,2012,0,5,23,1,1,420.444
2012-06-10,0,10,6,2012,0,6,23,1,0,26.706736
2012-06-11,0,11,6,2012,1,0,24,1,0,26.246655
2012-06-12,919,12,6,2012,0,1,24,1,1,1088.3507
2012-06-13,1206,13,6,2012,0,2,24,1,1,1272.2421
2012-06-14,1390,14,6,2012,0,3,24,1,1,1299.8145
2012-06-15,1337,15,6,2012,0,4,24,1,1,1265.2622
2012-06-16,348,16,6,2012,0,5,24,2,1,369.81912
2012-06-17,30,17,6,2012,0,6,24,2,0,26.706736
2012-06-18,0,18,6,2012,1,0,25,2,0,26.246655
2012-06-19,987,19,6,2012,0,1,25,2,1,1053.7985
2012-06-20,1116,20,6,2012,0,2,25,2,1,1237.6898
2012-06-21,1300,21,6,2012,0,3,25,2,1,1265.2622
2012-06-22,1330,22,6,2012,0,4,25,2,1,1265.2622
2012-06-23,352,23,6,2012,0,5,25,2,1,369.81912
2012-06-24,7,24,6,2012,0,6,25,2,0,26.706736
2012-06-25,541,25,6,2012,0,0,26,2,1,791.024
2012-06-26,625,26,6,2012,0,1,26,2,1,1036.3567
2012-06-27,1493,27,6,2012,0,2,26,2,1,1200.5908
2012-06-28,1510,28,6,2012,0,3,26,2,1,1341.3553
2012-06-29,1396,29,6,2012,0,4,26,2,1,1368.1339
2012-06-30,361,30,6,2012,0,5,26,2,1,387.55884
2012-07-01,1,1,7,2012,0,6,26,1,0,26.706736
2012-07-02,2,2,7,2012,1,0,27,1,0,24.375778
2012-07-03,853,3,7,2012,0,1,27,1,1,1060.5333
2012-07-04,1267,4,7,2012,0,2,27,1,1,1238.5446
2012-07-05,1250,5,7,2012,0,3,27,1,1,1298.8329
2012-07-06,1416,6,7,2012,0,4,27,1,1,1299.8145
2012-07-07,619,7,7,2012,0,5,27,1,1,349.00357
2012-07-08,1,8,7,2012,0,6,27,1,0,26.706736
2012-07-09,978,9,7,2012,0,0,28,1,1,931.59375
2012-07-10,1246,10,7,2012,0,1,28,1,1,1088.3507
2012-07-11,1271,11,7,2012,0,2,28,1,1,1272.2421
2012-07-12,1242,12,7,2012,0,3,28,1,1,1299.8145
2012-07-13,1510,13,7,2012,0,4,28,1,1,1299.8145
2012-07-14,390,14,7,2012,0,5,28,1,1,383.70038
2012-07-15,0,15,7,2012,0,6,28,1,0,26.706736
2012-07-16,831,16,7,2012,0,0,29,2,1,875.6122
2012-07-17,1105,17,7,2012,0,1,29,2,1,1053.7985
2012-07-18,1181,18,7,2012,0,2,29,2,1,1237.6898
2012-07-19,1515,19,7,2012,0,3,29,2,1,1265.2622
2012-07-20,23,20,7,2012,1,4,29,2,0,70.73959
2012-07-21,325,21,7,2012,0,5,29,2,1,361.80353
2012-07-22,0,22,7,2012,0,6,29,2,0,26.706736
2012-07-23,875,23,7,2012,0,0,30,2,1,862.55963
2012-07-24,1094,24,7,2012,0,1,30,2,1,1053.7985
2012-07-25,1386,25,7,2012,0,2,30,2,1,1247.6947
2012-07-26,1298,26,7,2012,0,3,30,2,1,1229.2281
2012-07-27,1400,27,7,2012,0,4,30,2,1,1231.0
2012-07-28,389,28,7,2012,0,5,30,2,1,423.24442
2012-07-29,1,29,7,2012,0,6,30,2,0,29.470425
2012-07-30,1030,30,7,2012,0,0,31,2,1,1078.1759
2012-07-31,1139,31,7,2012,0,1,31,2,1,1075.7179
2012-08-01,1157,1,8,2012,0,2,31,1,1,1167.603
2012-08-02,1242,2,8,2012,0,3,31,1,1,1227.8914
2012-08-03,1315,3,8,2012,0,4,31,1,1,1251.3685
2012-08-04,439,4,8,2012,0,5,31,1,1,389.61285
2012-08-05,0,5,8,2012,0,6,31,1,0,26.706736
2012-08-06,959,6,8,2012,0,0,32,1,1,900.96606
2012-08-07,1,7,8,2012,1,1,32,1,0,30.232578
2012-08-08,1116,8,8,2012,0,2,32,1,1,1272.2421
2012-08-09,1359,9,8,2012,0,3,32,1,1,1299.8145
2012-08-10,1369,10,8,2012,0,4,32,1,1,1299.8145
2012-08-11,370,11,8,2012,0,5,32,1,1,383.70038
2012-08-12,21,12,8,2012,0,6,32,1,0,26.706736
2012-08-13,980,13,8,2012,0,0,33,1,1,940.9604
2012-08-14,1141,14,8,2012,0,1,33,1,1,1088.3507
2012-08-15,1195,15,8,2012,0,2,33,1,1,1218.1665
2012-08-16,1320,16,8,2012,0,3,33,2,1,1245.7389
2012-08-17,1235,17,8,2012,0,4,33,2,1,1245.7389
2012-08-18,365,18,8,2012,0,5,33,2,1,361.80353
2012-08-19,0,19,8,2012,0,6,33,2,0,26.706736
2012-08-20,0,20,8,2012,1,0,34,2,0,26.246655
2012-08-21,809,21,8,2012,0,1,34,2,1,1034.2751
2012-08-22,1036,22,8,2012,0,2,34,2,1,1218.1665
2012-08-23,1223,23,8,2012,0,3,34,2,1,1245.7389
2012-08-24,1113,24,8,2012,0,4,34,2,1,1245.7389
2012-08-25,490,25,8,2012,0,5,34,2,1,362.83243
2012-08-26,62,26,8,2012,0,6,34,2,0,26.706736
2012-08-27,792,27,8,2012,0,0,35,2,1,841.0299
2012-08-28,1131,28,8,2012,0,1,35,2,1,1094.721
2012-08-29,1157,29,8,2012,0,2,35,2,1,1255.6556
2012-08-30,1296,30,8,2012,0,3,35,2,1,1340.905
2012-08-31,1295,31,8,2012,0,4,35,2,1,1340.5662
2012-09-01,280,1,9,2012,0,5,35,1,1,334.7286
2012-09-02,1,2,9,2012,0,6,35,1,0,26.706736
2012-09-03,829,3,9,2012,0,0,36,1,1,900.96606
2012-09-04,1008,4,9,2012,0,1,36,1,1,1107.9976
2012-09-05,1035,5,9,2012,0,2,36,1,1,1238.5446
2012-09-06,1368,6,9,2012,0,3,36,1,1,1299.8145
2012-09-07,1281,7,9,2012,0,4,36,1,1,1299.8145
2012-09-08,489,8,9,2012,0,5,36,1,1,362.2522
2012-09-09,30,9,9,2012,0,6,36,1,0,26.706736
2012-09-10,1095,10,9,2012,0,0,37,1,1,940.9604
2012-09-11,1204,11,9,2012,0,1,37,1,1,1088.3507
2012-09-12,1347,12,9,2012,0,2,37,1,1,1272.2421
2012-09-13,1439,13,9,2012,0,3,37,1,1,1299.8145
2012-09-14,1293,14,9,2012,0,4,37,1,1,1299.8145
2012-09-15,405,15,9,2012,0,5,37,1,1,354.9282
2012-09-16,0,16,9,2012,0,6,37,2,0,26.706736
2012-09-17,930,17,9,2012,0,0,38,2,1,884.9788
2012-09-18,933,18,9,2012,0,1,38,2,1,1034.2751
2012-09-19,1320,19,9,2012,0,2,38,2,1,1218.1665
2012-09-20,1353,20,9,2012,0,3,38,2,1,1245.7389
2012-09-21,1231,21,9,2012,0,4,38,2,1,1245.7389
2012-09-22,313,22,9,2012,0,5,38,2,1,354.9282
2012-09-23,41,23,9,2012,0,6,38,2,0,26.706736
2012-09-24,840,24,9,2012,0,0,39,2,1,798.2844
2012-09-25,1033,25,9,2012,0,1,39,2,1,1044.28
2012-09-26,1287,26,9,2012,0,2,39,2,1,1211.1263
2012-09-27,1335,27,9,2012,0,3,39,2,1,1238.8502
2012-09-28,1415,28,9,2012,0,4,39,2,1,1387.721
2012-09-29,422,29,9,2012,0,5,39,2,1,463.56927
2012-09-30,0,30,9,2012,0,6,39,2,0,29.470425
2012-10-01,813,1,10,2012,0,0,40,1,1,900.96606
2012-10-02,1110,2,10,2012,0,1,40,1,1,1060.5333
2012-10-03,1280,3,10,2012,0,2,40,1,1,1191.0802
2012-10-04,1352,4,10,2012,0,3,40,1,1,1298.8329
2012-10-05,1360,5,10,2012,0,4,40,1,1,1298.8329
2012-10-06,400,6,10,2012,0,5,40,1,1,381.53793
2012-10-07,10,7,10,2012,0,6,40,1,0,26.706736
2012-10-08,1195,8,10,2012,0,0,41,1,1,940.9604
2012-10-09,1209,9,10,2012,0,1,41,1,1,1088.3507
2012-10-10,1299,10,10,2012,0,2,41,1,1,1272.2421
2012-10-11,1324,11,10,2012,0,3,41,1,1,1299.8145
2012-10-12,1275,12,10,2012,0,4,41,1,1,1299.8145
2012-10-13,326,13,10,2012,0,5,41,1,1,354.9282
2012-10-14,18,14,10,2012,0,6,41,1,0,26.706736
2012-10-15,0,15,10,2012,1,0,42,1,0,26.246655
2012-10-16,752,16,10,2012,0,1,42,2,1,1002.67053
2012-10-17,1022,17,10,2012,0,2,42,2,1,1186.5619
2012-10-18,853,18,10,2012,0,3,42,2,1,1214.1343
2012-10-19,1319,19,10,2012,0,4,42,2,1,1214.1343
2012-10-20,391,20,10,2012,0,5,42,2,1,354.9282
2012-10-21,7,21,10,2012,0,6,42,2,0,26.706736
2012-10-22,866,22,10,2012,0,0,43,2,1,884.9788
2012-10-23,1057,23,10,2012,0,1,43,2,1,1002.67053
2012-10-24,1159,24,10,2012,0,2,43,2,1,1186.5619
2012-10-25,1180,25,10,2012,0,3,43,2,1,1224.1392
2012-10-26,1203,26,10,2012,0,4,43,2,1,1226.7147
2012-10-27,327,27,10,2012,0,5,43,2,1,400.10345
2012-10-28,1,28,10,2012,0,6,43,2,0,26.706736
2012-10-29,828,29,10,2012,0,0,44,2,1,935.8676
2012-10-30,1281,30,10,2012,0,1,44,2,1,1232.3127
2012-10-31,1195,31,10,2012,0,2,44,2,1,1345.6962
2012-11-01,1088,1,11,2012,0,3,44,1,1,1202.6887
2012-11-02,1320,2,11,2012,0,4,44,1,1,1202.6887
2012-11-03,289,3,11,2012,0,5,44,1,1,393.57532
2012-11-04,0,4,11,2012,0,6,44,1,0,26.706736
2012-11-05,0,5,11,2012,1,0,45,1,0,24.375778
2012-11-06,875,6,11,2012,0,1,45,1,1,1082.7949
2012-11-07,1095,7,11,2012,0,2,45,1,1,1229.0627
2012-11-08,1318,8,11,2012,0,3,45,1,1,1256.6351
2012-11-09,1361,9,11,2012,0,4,45,1,1,1305.8522
2012-11-10,336,10,11,2012,0,5,45,1,1,358.44394
2012-11-11,0,11,11,2012,0,6,45,1,0,26.706736
2012-11-12,0,12,11,2012,1,0,46,1,0,26.246655
2012-11-13,855,13,11,2012,0,1,46,1,1,1063.1481
2012-11-14,1142,14,11,2012,0,2,46,1,1,1229.0627
2012-11-15,1205,15,11,2012,0,3,46,1,1,1196.1576
2012-11-16,1186,16,11,2012,0,4,46,2,1,1245.3746
2012-11-17,311,17,11,2012,0,5,46,2,1,358.44394
2012-11-18,1,18,11,2012,0,6,46,2,0,26.706736
2012-11-19,845,19,11,2012,0,0,47,2,1,884.9788
2012-11-20,1084,20,11,2012,0,1,47,2,1,1002.67053
2012-11-21,1056,21,11,2012,0,2,47,2,1,1168.5852
2012-11-22,1135,22,11,2012,0,3,47,2,1,1196.1576
2012-11-23,1232,23,11,2012,0,4,47,2,1,1245.3746
2012-11-24,329,24,11,2012,0,5,47,2,1,358.44394
2012-11-25,1,25,11,2012,0,6,47,2,0,26.706736
2012-11-26,893,26,11,2012,0,0,48,2,1,841.5889
2012-11-27,1180,27,11,2012,0,1,48,2,1,1291.6237
2012-11-28,1323,28,11,2012,0,2,48,2,1,1505.7064
2012-11-29,1448,29,11,2012,0,3,48,2,1,1615.5175
2012-11-30,1565,30,11,2012,0,4,48,2,1,1593.8833
2012-12-01,422,1,12,2012,0,5,48,1,1,459.29614
2012-12-02,1,2,12,2012,0,6,48,1,0,26.706736
2012-12-03,1024,3,12,2012,0,0,49,1,1,1026.0809
2012-12-04,1175,4,12,2012,0,1,49,1,1,1159.8158
2012-12-05,1587,5,12,2012,0,2,49,1,1,1576.2802
2012-12-06,1783,6,12,2012,0,3,49,1,1,1672.7507
2012-12-07,1652,7,12,2012,0,4,49,1,1,1693.5735
2012-12-08,0,8,12,2012,1,5,49,1,0,190.92084
2012-12-09,0,9,12,2012,0,6,49,1,0,26.706736
2012-12-10,1238,10,12,2012,0,0,50,1,1,1206.4663
2012-12-11,1583,11,12,2012,0,1,50,1,1,1491.6598
2012-12-12,1729,12,12,2012,0,2,50,1,1,1696.1578
2012-12-13,1827,13,12,2012,0,3,50,1,1,1773.6859
2012-12-14,1861,14,12,2012,0,4,50,1,1,1808.2621
2012-12-15,515,15,12,2012,0,5,50,1,1,558.202
2012-12-16,0,16,12,2012,0,6,50,2,0,26.706736
2012-12-17,1192,17,12,2012,0,0,51,2,1,1221.326
2012-12-18,1789,18,12,2012,0,1,51,2,1,1553.2289
2012-12-19,1961,19,12,2012,0,2,51,2,1,1753.9757
2012-12-20,2101,20,12,2012,0,3,51,2,1,1760.6625
2012-12-21,2124,21,12,2012,0,4,51,2,1,1901.8295
2012-12-22,904,22,12,2012,0,5,51,2,1,801.04004
2012-12-23,0,23,12,2012,0,6,51,2,0,26.706736
2012-12-24,535,24,12,2012,0,0,52,2,1,987.8758
2012-12-25,0,25,12,2012,1,1,52,2,0,37.77385
2012-12-26,1206,26,12,2012,0,2,52,2,1,1402.3936
2012-12-27,1921,27,12,2012,0,3,52,2,1,1884.3568
2012-12-28,2418,28,12,2012,0,4,52,2,1,1918.0796
2012-12-29,1087,29,12,2012,0,5,52,2,1,1023.4751
2012-12-30,0,30,12,2012,0,6,52,2,0,29.667364
2012-12-31,68,31,12,2012,0,0,1,2,1,597.165
2013-01-01,0,1,1,2013,1,1,1,1,0,46.140446
2013-01-02,223,2,1,2013,0,2,1,1,1,525.8312
2013-01-03,402,3,1,2013,0,3,1,1,1,537.91815
2013-01-04,884,4,1,2013,0,4,1,1,1,900.27374
2013-01-05,215,5,1,2013,0,5,1,1,1,248.45901
2013-01-06,0,6,1,2013,0,6,1,1,0,26.706736
2013-01-07,0,7,1,2013,1,0,2,1,0,21.611807
2013-01-08,623,8,1,2013,0,1,2,1,1,791.50055
2013-01-09,1005,9,1,2013,0,2,2,1,1,971.513
2013-01-10,957,10,1,2013,0,3,2,1,1,971.56134
2013-01-11,1069,11,1,2013,0,4,2,1,1,971.56134
2013-01-12,311,12,1,2013,0,5,2,1,1,332.18942
2013-01-13,1,13,1,2013,0,6,2,1,0,26.706736
2013-01-14,766,14,1,2013,0,0,3,1,1,835.4181
2013-01-15,1063,15,1,2013,0,1,3,1,1,937.3226
2013-01-16,1007,16,1,2013,0,2,3,2,1,971.513
2013-01-17,1083,17,1,2013,0,3,3,2,1,971.56134
2013-01-18,951,18,1,2013,0,4,3,2,1,971.56134
2013-01-19,248,19,1,2013,0,5,3,2,1,338.83725
2013-01-20,0,20,1,2013,0,6,3,2,0,26.706736
2013-01-21,756,21,1,2013,0,0,4,2,1,770.87994
2013-01-22,816,22,1,2013,0,1,4,2,1,937.3226
2013-01-23,998,23,1,2013,0,2,4,2,1,971.513
2013-01-24,852,24,1,2013,0,3,4,2,1,971.56134
2013-01-25,952,25,1,2013,0,4,4,2,1,984.58594
2013-01-26,285,26,1,2013,0,5,4,2,1,349.62527
2013-01-27,0,27,1,2013,0,6,4,2,0,26.706736
2013-01-28,809,28,1,2013,0,0,5,2,1,817.8975
2013-01-29,983,29,1,2013,0,1,5,2,1,1088.0186
2013-01-30,1178,30,1,2013,0,2,5,2,1,1176.084
2013-01-31,1104,31,1,2013,0,3,5,2,1,1216.5443
2013-02-01,1064,1,2,2013,0,4,5,1,1,1019.15625
2013-02-02,224,2,2,2013,0,5,5,1,1,303.37518
2013-02-03,0,3,2,2013,0,6,5,1,0,26.706736
2013-02-04,740,4,2,2013,0,0,6,1,1,738.40704
2013-02-05,885,5,2,2013,0,1,6,1,1,931.43414
2013-02-06,1218,6,2,2013,0,2,6,1,1,1149.0491
2013-02-07,1150,7,2,2013,0,3,6,1,1,1207.0946
2013-02-08,1181,8,2,2013,0,4,6,1,1,1202.0211
2013-02-09,291,9,2,2013,0,5,6,1,1,338.10565
2013-02-10,1,10,2,2013,0,6,6,1,0,26.706736
2013-02-11,830,11,2,2013,0,0,7,1,1,909.1084
2013-02-12,916,12,2,2013,0,1,7,1,1,1019.66705
2013-02-13,1076,13,2,2013,0,2,7,1,1,1174.4487
2013-02-14,1110,14,2,2013,0,3,7,1,1,1202.0211
2013-02-15,1265,15,2,2013,0,4,7,1,1,1202.0211
2013-02-16,263,16,2,2013,0,5,7,2,1,338.83725
2013-02-17,0,17,2,2013,0,6,7,2,0,26.706736
2013-02-18,719,18,2,2013,0,0,8,2,1,840.0743
2013-02-19,1036,19,2,2013,0,1,8,2,1,1019.66705
2013-02-20,1096,20,2,2013,0,2,8,2,1,1174.4487
2013-02-21,1064,21,2,2013,0,3,8,2,1,1202.0211
2013-02-22,1094,22,2,2013,0,4,8,2,1,1202.0211
2013-02-23,324,23,2,2013,0,5,8,2,1,361.00745
2013-02-24,0,24,2,2013,0,6,8,2,0,26.706736
2013-02-25,755,25,2,2013,0,0,9,2,1,844.5702
2013-02-26,1119,26,2,2013,0,1,9,2,1,1022.4433
2013-02-27,1133,27,2,2013,0,2,9,2,1,1186.6775
2013-02-28,1311,28,2,2013,0,3,9,2,1,1363.8827
2013-03-01,963,1,3,2013,0,4,9,1,1,1132.9005
2013-03-02,264,2,3,2013,0,5,9,1,1,296.29135
2013-03-03,0,3,3,2013,0,6,9,1,0,26.706736
2013-03-04,677,4,3,2013,0,0,10,1,1,708.20496
2013-03-05,930,5,3,2013,0,1,10,1,1,931.43414
2013-03-06,1073,6,3,2013,0,2,10,1,1,1178.1588
2013-03-07,1136,7,3,2013,0,3,10,1,1,1236.2043
2013-03-08,1207,8,3,2013,0,4,10,1,1,1247.5035
2013-03-09,354,9,3,2013,0,5,10,1,1,338.10565
2013-03-10,1,10,3,2013,0,6,10,1,0,26.706736
2013-03-11,851,11,3,2013,0,0,11,1,1,909.1084
2013-03-12,1065,12,3,2013,0,1,11,1,1,1036.0398
2013-03-13,1167,13,3,2013,0,2,11,1,1,1219.9312
2013-03-14,1223,14,3,2013,0,3,11,1,1,1247.5035
2013-03-15,1297,15,3,2013,0,4,11,1,1,1247.5035
2013-03-16,385,16,3,2013,0,5,11,2,1,338.83725
2013-03-17,0,17,3,2013,0,6,11,2,0,26.706736
2013-03-18,830,18,3,2013,0,0,12,2,1,840.0743
2013-03-19,1249,19,3,2013,0,1,12,2,1,1036.0398
2013-03-20,1341,20,3,2013,0,2,12,2,1,1219.9312
2013-03-21,1459,21,3,2013,0,3,12,2,1,1247.5035
2013-03-22,1630,22,3,2013,0,4,12,2,1,1247.5035
2013-03-23,532,23,3,2013,0,5,12,2,1,361.00745
2013-03-24,0,24,3,2013,0,6,12,2,0,26.706736
2013-03-25,0,25,3,2013,1,0,13,2,0,26.107735
2013-03-26,953,26,3,2013,0,1,13,2,1,1038.816
2013-03-27,1104,27,3,2013,0,2,13,2,1,1203.0502
2013-03-28,14,28,3,2013,1,3,13,2,0,93.401985
2013-03-29,0,29,3,2013,1,4,13,2,0,136.67807
2013-03-30,2,30,3,2013,0,5,13,2,1,286.60794
2013-03-31,0,31,3,2013,0,6,13,2,0,29.470425
2013-04-01,588,1,4,2013,0,0,14,1,1,730.6903
2013-04-02,995,2,4,2013,0,1,14,1,1,886.24567
2013-04-03,1165,3,4,2013,0,2,14,1,1,1088.6029
2013-04-04,1262,4,4,2013,0,3,14,1,1,1235.2228
2013-04-05,1350,5,4,2013,0,4,14,1,1,1235.2228
2013-04-06,301,6,4,2013,0,5,14,1,1,293.84818
2013-04-07,34,7,4,2013,0,6,14,1,0,26.706736
2013-04-08,874,8,4,2013,0,0,15,1,1,931.59375
2013-04-09,1221,9,4,2013,0,1,15,1,1,1036.0398
2013-04-10,1204,10,4,2013,0,2,15,1,1,1219.9312
2013-04-11,1285,11,4,2013,0,3,15,1,1,1247.5035
2013-04-12,1279,12,4,2013,0,4,15,1,1,1247.5035
2013-04-13,394,13,4,2013,0,5,15,1,1,338.76126
2013-04-14,16,14,4,2013,0,6,15,1,0,26.706736
2013-04-15,781,15,4,2013,0,0,16,1,1,875.6122
2013-04-16,1174,16,4,2013,0,1,16,2,1,1036.0398
2013-04-17,1153,17,4,2013,0,2,16,2,1,1219.9312
2013-04-18,1203,18,4,2013,0,3,16,2,1,1247.5035
2013-04-19,1155,19,4,2013,0,4,16,2,1,1247.5035
2013-04-20,348,20,4,2013,0,5,16,2,1,338.76126
2013-04-21,1,21,4,2013,0,6,16,2,0,26.706736
2013-04-22,778,22,4,2013,0,0,17,2,1,862.55963
2013-04-23,1090,23,4,2013,0,1,17,2,1,1036.0398
2013-04-24,1161,24,4,2013,0,2,17,2,1,1219.9312
2013-04-25,1392,25,4,2013,0,3,17,2,1,1257.5084
2013-04-26,1433,26,4,2013,0,4,17,2,1,1231.6875
2013-04-27,411,27,4,2013,0,5,17,2,1,402.44705
2013-04-28,0,28,4,2013,0,6,17,2,0,26.706736
2013-04-29,1015,29,4,2013,0,0,18,2,1,1001.81116
2013-04-30,1570,30,4,2013,0,1,18,2,1,1420.5675
2013-05-01,19,1,5,2013,1,2,18,1,0,10.301043
2013-05-02,963,2,5,2013,0,3,18,1,1,1132.9005
2013-05-03,1202,3,5,2013,0,4,18,1,1,1179.1694
2013-05-04,355,4,5,2013,0,5,18,1,1,355.38397
2013-05-05,5,5,5,2013,0,6,18,1,0,26.706736
2013-05-06,343,6,5,2013,0,0,19,1,1,730.6903
2013-05-07,657,7,5,2013,0,1,19,1,1,1016.15155
2013-05-08,1241,8,5,2013,0,2,19,1,1,1211.3422
2013-05-09,1428,9,5,2013,0,3,19,1,1,1238.9146
2013-05-10,1626,10,5,2013,0,4,19,1,1,1238.9146
2013-05-11,271,11,5,2013,0,5,19,1,1,334.46173
2013-05-12,1,12,5,2013,0,6,19,1,0,26.706736
2013-05-13,0,13,5,2013,1,0,20,1,0,26.246655
2013-05-14,914,14,5,2013,0,1,20,1,1,1027.4508
2013-05-15,1155,15,5,2013,0,2,20,1,1,1211.3422
2013-05-16,1164,16,5,2013,0,3,20,2,1,1238.9146
2013-05-17,1245,17,5,2013,0,4,20,2,1,1238.9146
2013-05-18,336,18,5,2013,0,5,20,2,1,357.71768
2013-05-19,0,19,5,2013,0,6,20,2,0,26.706736
2013-05-20,765,20,5,2013,0,0,21,2,1,862.55963
2013-05-21,1087,21,5,2013,0,1,21,2,1,1027.4508
2013-05-22,1010,22,5,2013,0,2,21,2,1,1211.3422
2013-05-23,1251,23,5,2013,0,3,21,2,1,1238.9146
2013-05-24,1117,24,5,2013,0,4,21,2,1,1238.9146
2013-05-25,281,25,5,2013,0,5,21,2,1,363.2362
2013-05-26,4,26,5,2013,0,6,21,2,0,26.706736
2013-05-27,962,27,5,2013,0,0,22,2,1,895.56995
2013-05-28,1062,28,5,2013,0,1,22,2,1,1147.3826
2013-05-29,1357,29,5,2013,0,2,22,2,1,1308.3173
2013-05-30,1485,30,5,2013,0,3,22,2,1,1447.8577
2013-05-31,1529,31,5,2013,0,4,22,2,1,1479.6171
2013-06-01,300,1,6,2013,0,5,22,1,1,321.85822
2013-06-02,3,2,6,2013,0,6,22,1,0,26.706736
2013-06-03,0,3,6,2013,1,0,23,1,0,28.78455
2013-06-04,698,4,6,2013,0,1,23,1,1,922.84515
2013-06-05,1071,5,6,2013,0,2,23,1,1,1127.4783
2013-06-06,1184,6,6,2013,0,3,23,1,1,1227.6154
2013-06-07,1382,7,6,2013,0,4,23,1,1,1227.6154
2013-06-08,352,8,6,2013,0,5,23,1,1,388.42596
2013-06-09,0,9,6,2013,0,6,23,1,0,26.706736
2013-06-10,0,10,6,2013,1,0,24,1,0,26.246655
2013-06-11,758,11,6,2013,0,1,24,1,1,1027.4508
2013-06-12,1102,12,6,2013,0,2,24,1,1,1211.3422
2013-06-13,1238,13,6,2013,0,3,24,1,1,1238.9146
2013-06-14,1211,14,6,2013,0,4,24,1,1,1238.9146
2013-06-15,408,15,6,2013,0,5,24,1,1,391.71597
2013-06-16,1,16,6,2013,0,6,24,2,0,26.706736
2013-06-17,933,17,6,2013,0,0,25,2,1,862.55963
2013-06-18,932,18,6,2013,0,1,25,2,1,1027.4508
2013-06-19,1103,19,6,2013,0,2,25,2,1,1211.3422
2013-06-20,1213,20,6,2013,0,3,25,2,1,1238.9146
2013-06-21,1329,21,6,2013,0,4,25,2,1,1238.9146
2013-06-22,337,22,6,2013,0,5,25,2,1,369.81912
2013-06-23,0,23,6,2013,0,6,25,2,0,26.706736
2013-06-24,788,24,6,2013,0,0,26,2,1,867.9378
2013-06-25,1308,25,6,2013,0,1,26,2,1,1037.4557
2013-06-26,1345,26,6,2013,0,2,26,2,1,1222.7075
2013-06-27,1510,27,6,2013,0,3,26,2,1,1212.0302
2013-06-28,1656,28,6,2013,0,4,26,2,1,1368.1339
2013-06-29,537,29,6,2013,0,5,26,2,1,488.39117
2013-06-30,20,30,6,2013,0,6,26,2,0,29.470425
2013-07-01,0,1,7,2013,1,0,27,1,0,28.78455
2013-07-02,689,2,7,2013,0,1,27,1,1,886.24567
2013-07-03,1045,3,7,2013,0,2,27,1,1,1080.0139
2013-07-04,1101,4,7,2013,0,3,27,1,1,1226.6338
2013-07-05,1185,5,7,2013,0,4,27,1,1,1226.6338
2013-07-06,464,6,7,2013,0,5,27,1,1,353.08884
2013-07-07,0,7,7,2013,0,6,27,1,0,26.706736
2013-07-08,871,8,7,2013,0,0,28,1,1,931.59375
2013-07-09,1231,9,7,2013,0,1,28,1,1,1027.4508
2013-07-10,1270,10,7,2013,0,2,28,1,1,1211.3422
2013-07-11,1315,11,7,2013,0,3,28,1,1,1238.9146
2013-07-12,1249,12,7,2013,0,4,28,1,1,1238.9146
2013-07-13,358,13,7,2013,0,5,28,1,1,383.70038
2013-07-14,0,14,7,2013,0,6,28,1,0,26.706736
2013-07-15,629,15,7,2013,0,0,29,1,1,875.6122
2013-07-16,1029,16,7,2013,0,1,29,2,1,1027.4508
2013-07-17,1147,17,7,2013,0,2,29,2,1,1211.3422
2013-07-18,1288,18,7,2013,0,3,29,2,1,1238.9146
2013-07-19,1175,19,7,2013,0,4,29,2,1,1238.9146
2013-07-20,111,20,7,2013,1,5,29,2,0,129.84029
2013-07-21,0,21,7,2013,0,6,29,2,0,26.706736
2013-07-22,889,22,7,2013,0,0,30,2,1,862.55963
2013-07-23,933,23,7,2013,0,1,30,2,1,1027.4508
2013-07-24,1348,24,7,2013,0,2,30,2,1,1211.3422
2013-07-25,1224,25,7,2013,0,3,30,2,1,1248.9194
2013-07-26,1268,26,7,2013,0,4,30,2,1,1231.6875
2013-07-27,463,27,7,2013,0,5,30,2,1,424.92535
2013-07-28,0,28,7,2013,0,6,30,2,0,26.706736
2013-07-29,985,29,7,2013,0,0,31,2,1,979.2838
2013-07-30,1272,30,7,2013,0,1,31,2,1,1343.7491
2013-07-31,1666,31,7,2013,0,2,31,2,1,1510.6632
2013-08-01,1173,1,8,2013,0,3,31,1,1,1163.6649
2013-08-02,1155,2,8,2013,0,4,31,1,1,1163.6649
2013-08-03,332,3,8,2013,0,5,31,1,1,354.93326
2013-08-04,0,4,8,2013,0,6,31,1,0,26.706736
2013-08-05,737,5,8,2013,0,0,32,1,1,730.6903
2013-08-06,1170,6,8,2013,0,1,32,1,1,930.81793
2013-08-07,23,7,8,2013,1,2,32,1,0,41.065464
2013-08-08,836,8,8,2013,0,3,32,1,1,1246.8872
2013-08-09,1133,9,8,2013,0,4,32,1,1,1246.8872
2013-08-10,504,10,8,2013,0,5,32,1,1,397.62366
2013-08-11,1,11,8,2013,0,6,32,1,0,26.706736
2013-08-12,1036,12,8,2013,0,0,33,1,1,940.9604
2013-08-13,1361,13,8,2013,0,1,33,1,1,1035.4235
2013-08-14,1401,14,8,2013,0,2,33,1,1,1219.3148
2013-08-15,1314,15,8,2013,0,3,33,1,1,1233.6462
2013-08-16,1200,16,8,2013,0,4,33,2,1,1233.6462
2013-08-17,299,17,8,2013,0,5,33,2,1,361.80353
2013-08-18,0,18,8,2013,0,6,33,2,0,26.706736
2013-08-19,0,19,8,2013,1,0,34,2,0,26.246655
2013-08-20,755,20,8,2013,0,1,34,2,1,1022.18243
2013-08-21,1064,21,8,2013,0,2,34,2,1,1206.0739
2013-08-22,1015,22,8,2013,0,3,34,2,1,1233.6462
2013-08-23,1283,23,8,2013,0,4,34,2,1,1233.6462
2013-08-24,300,24,8,2013,0,5,34,2,1,361.80353
2013-08-25,0,25,8,2013,0,6,34,2,0,26.706736
2013-08-26,828,26,8,2013,0,0,35,2,1,860.7333
2013-08-27,883,27,8,2013,0,1,35,2,1,1087.6438
2013-08-28,1209,28,8,2013,0,2,35,2,1,1255.6556
2013-08-29,1148,29,8,2013,0,3,35,2,1,1288.6937
2013-08-30,1265,30,8,2013,0,4,35,2,1,1333.1621
2013-08-31,431,31,8,2013,0,5,35,2,1,459.7765
2013-09-01,0,1,9,2013,0,6,35,1,0,26.706736
2013-09-02,742,2,9,2013,0,0,36,1,1,791.4128
2013-09-03,907,3,9,2013,0,1,36,1,1,883.3536
2013-09-04,1075,4,9,2013,0,2,36,1,1,1135.4509
2013-09-05,1152,5,9,2013,0,3,36,1,1,1234.6064
2013-09-06,1087,6,9,2013,0,4,36,1,1,1235.588
2013-09-07,310,7,9,2013,0,5,36,1,1,328.672
2013-09-08,0,8,9,2013,0,6,36,1,0,26.706736
2013-09-09,878,9,9,2013,0,0,37,1,1,940.9604
2013-09-10,1275,10,9,2013,0,1,37,1,1,1035.4235
2013-09-11,1284,11,9,2013,0,2,37,1,1,1219.3148
2013-09-12,1249,12,9,2013,0,3,37,1,1,1246.8872
2013-09-13,1227,13,9,2013,0,4,37,1,1,1246.8872
2013-09-14,303,14,9,2013,0,5,37,1,1,344.52686
2013-09-15,6,15,9,2013,0,6,37,1,0,26.706736
2013-09-16,912,16,9,2013,0,0,38,2,1,884.9788
2013-09-17,1124,17,9,2013,0,1,38,2,1,1022.18243
2013-09-18,1225,18,9,2013,0,2,38,2,1,1206.0739
2013-09-19,1233,19,9,2013,0,3,38,2,1,1233.6462
2013-09-20,1143,20,9,2013,0,4,38,2,1,1233.6462
2013-09-21,300,21,9,2013,0,5,38,2,1,344.52686
2013-09-22,0,22,9,2013,0,6,38,2,0,26.706736
2013-09-23,851,23,9,2013,0,0,39,2,1,884.9788
2013-09-24,1121,24,9,2013,0,1,39,2,1,1022.18243
2013-09-25,1276,25,9,2013,0,2,39,2,1,1216.0787
2013-09-26,1388,26,9,2013,0,3,39,2,1,1298.3025
2013-09-27,1307,27,9,2013,0,4,39,2,1,1331.8672
2013-09-28,376,28,9,2013,0,5,39,2,1,404.93884
2013-09-29,0,29,9,2013,0,6,39,2,0,29.470425
2013-09-30,1099,30,9,2013,0,0,40,2,1,1175.0398
2013-10-01,1093,1,10,2013,0,1,40,1,1,883.3536
2013-10-02,749,2,10,2013,0,2,40,1,1,1064.5094
2013-10-03,1235,3,10,2013,0,3,40,1,1,1187.1421
2013-10-04,1340,4,10,2013,0,4,40,1,1,1234.6064
2013-10-05,338,5,10,2013,0,5,40,1,1,334.61258
2013-10-06,0,6,10,2013,0,6,40,1,0,26.706736
2013-10-07,983,7,10,2013,0,0,41,1,1,940.9604
2013-10-08,1252,8,10,2013,0,1,41,1,1,1035.4235
2013-10-09,1292,9,10,2013,0,2,41,1,1,1219.3148
2013-10-10,1358,10,10,2013,0,3,41,1,1,1246.8872
2013-10-11,1283,11,10,2013,0,4,41,1,1,1246.8872
2013-10-12,288,12,10,2013,0,5,41,1,1,344.52686
2013-10-13,0,13,10,2013,0,6,41,1,0,26.706736
2013-10-14,0,14,10,2013,1,0,42,1,0,26.246655
2013-10-15,651,15,10,2013,0,1,42,1,1,1022.18243
2013-10-16,1070,16,10,2013,0,2,42,2,1,1206.0739
2013-10-17,1161,17,10,2013,0,3,42,2,1,1233.6462
2013-10-18,1124,18,10,2013,0,4,42,2,1,1233.6462
2013-10-19,299,19,10,2013,0,5,42,2,1,344.52686
2013-10-20,0,20,10,2013,0,6,42,2,0,26.706736
2013-10-21,853,21,10,2013,0,0,43,2,1,884.9788
2013-10-22,995,22,10,2013,0,1,43,2,1,1022.18243
2013-10-23,1115,23,10,2013,0,2,43,2,1,1206.0739
2013-10-24,1237,24,10,2013,0,3,43,2,1,1233.6462
2013-10-25,1180,25,10,2013,0,4,43,2,1,1243.6511
2013-10-26,277,26,10,2013,0,5,43,2,1,368.76913
2013-10-27,0,27,10,2013,0,6,43,2,0,26.706736
2013-10-28,897,28,10,2013,0,0,44,2,1,952.5284
2013-10-29,1249,29,10,2013,0,1,44,2,1,1146.4103
2013-10-30,1413,30,10,2013,0,2,44,2,1,1429.3159
2013-10-31,1969,31,10,2013,0,3,44,2,1,1589.6112
2013-11-01,1143,1,11,2013,0,4,44,1,1,1163.6649
2013-11-02,274,2,11,2013,0,5,44,1,1,302.70468
2013-11-03,0,3,11,2013,0,6,44,1,0,26.706736
2013-11-04,0,4,11,2013,1,0,45,1,0,21.099699
2013-11-05,883,5,11,2013,0,1,45,1,1,930.81793
2013-11-06,1058,6,11,2013,0,2,45,1,1,1159.5658
2013-11-07,1395,7,11,2013,0,3,45,1,1,1217.6113
2013-11-08,1291,8,11,2013,0,4,45,1,1,1278.1276
2013-11-09,278,9,11,2013,0,5,45,1,1,336.73087
2013-11-10,2,10,11,2013,0,6,45,1,0,26.706736
2013-11-11,0,11,11,2013,1,0,46,1,0,26.246655
2013-11-12,917,12,11,2013,0,1,46,1,1,1035.4235
2013-11-13,1228,13,11,2013,0,2,46,1,1,1201.3381
2013-11-14,1334,14,11,2013,0,3,46,1,1,1228.9105
2013-11-15,1394,15,11,2013,0,4,46,1,1,1264.8866
2013-11-16,314,16,11,2013,0,5,46,2,1,348.0426
2013-11-17,0,17,11,2013,0,6,46,2,0,26.706736
2013-11-18,883,18,11,2013,0,0,47,2,1,884.9788
2013-11-19,1157,19,11,2013,0,1,47,2,1,1022.18243
2013-11-20,1301,20,11,2013,0,2,47,2,1,1188.0972
2013-11-21,1290,21,11,2013,0,3,47,2,1,1215.6696
2013-11-22,1277,22,11,2013,0,4,47,2,1,1264.8866
2013-11-23,354,23,11,2013,0,5,47,2,1,348.0426
2013-11-24,0,24,11,2013,0,6,47,2,0,26.706736
2013-11-25,957,25,11,2013,0,0,48,2,1,875.19824
2013-11-26,1307,26,11,2013,0,1,48,2,1,1134.0222
2013-11-27,1439,27,11,2013,0,2,48,2,1,1407.8253
2013-11-28,1389,28,11,2013,0,3,48,2,1,1543.042
2013-11-29,1656,29,11,2013,0,4,48,2,1,1540.4618
2013-11-30,558,30,11,2013,0,5,48,2,1,556.88873
2013-12-01,7,1,12,2013,0,6,48,1,0,26.706736
2013-12-02,792,2,12,2013,0,0,49,1,1,839.4662
2013-12-03,1064,3,12,2013,0,1,49,1,1,942.851
2013-12-04,1170,4,12,2013,0,2,49,1,1,1433.4015
2013-12-05,1313,5,12,2013,0,3,49,1,1,1585.7344
2013-12-06,1433,6,12,2013,0,4,49,1,1,1627.1531
2013-12-07,400,7,12,2013,0,5,49,1,1,429.25357
2013-12-08,0,8,12,2013,1,6,49,1,0,26.706736
2013-12-09,1101,9,12,2013,0,0,50,1,1,1133.2506
2013-12-10,1314,10,12,2013,0,1,50,1,1,1301.7635
2013-12-11,1439,11,12,2013,0,2,50,1,1,1599.6943
2013-12-12,1574,12,12,2013,0,3,50,1,1,1708.3702
2013-12-13,1790,13,12,2013,0,4,50,1,1,1780.5375
2013-12-14,450,14,12,2013,0,5,50,1,1,511.99176
2013-12-15,3,15,12,2013,0,6,50,1,0,26.706736
2013-12-16,1043,16,12,2013,0,0,51,2,1,1112.8937
2013-12-17,1439,17,12,2013,0,1,51,2,1,1487.6957
2013-12-18,1686,18,12,2013,0,2,51,2,1,1695.0101
2013-12-19,1810,19,12,2013,0,3,51,2,1,1701.6969
2013-12-20,1866,20,12,2013,0,4,51,2,1,1842.8639
2013-12-21,621,21,12,2013,0,5,51,2,1,588.968
2013-12-22,1,22,12,2013,0,6,51,2,0,26.706736
2013-12-23,1591,23,12,2013,0,0,52,2,1,1190.3026
2013-12-24,1168,24,12,2013,0,1,52,2,1,1296.6694
2013-12-25,0,25,12,2013,1,2,52,2,0,39.123566
2013-12-26,1322,26,12,2013,0,3,52,2,1,1404.8529
2013-12-27,2016,27,12,2013,0,4,52,2,1,1908.1074
2013-12-28,1043,28,12,2013,0,5,52,2,1,951.16376
2013-12-29,1,29,12,2013,0,6,52,2,0,29.667364
2013-12-30,1927,30,12,2013,0,0,1,2,1,1793.3468
2013-12-31,428,31,12,2013,0,1,1,2,1,474.81586
2014-01-01,0,1,1,2014,1,2,1,1,0,12.4839
2014-01-02,164,2,1,2014,0,3,1,1,1,409.34314
2014-01-03,289,3,1,2014,0,4,1,1,1,537.91815
2014-01-04,163,4,1,2014,0,5,1,1,1,222.74582
2014-01-05,0,5,1,2014,0,6,1,1,0,26.706736
2014-01-06,0,6,1,2014,1,0,2,1,0,35.575195
2014-01-07,547,7,1,2014,0,1,2,1,1,747.3465
2014-01-08,718,8,1,2014,0,2,2,1,1,1012.88074
2014-01-09,627,9,1,2014,0,3,2,1,1,1012.9291
2014-01-10,1269,10,1,2014,0,4,2,1,1,1012.9291
2014-01-11,348,11,1,2014,0,5,2,1,1,329.9396
2014-01-12,0,12,1,2014,0,6,2,1,0,26.706736
2014-01-13,854,13,1,2014,0,0,3,1,1,835.4181
2014-01-14,755,14,1,2014,0,1,3,1,1,978.6903
2014-01-15,1223,15,1,2014,0,2,3,1,1,1012.88074
2014-01-16,985,16,1,2014,0,3,3,2,1,1012.9291
2014-01-17,1113,17,1,2014,0,4,3,2,1,1012.9291
2014-01-18,136,18,1,2014,0,5,3,2,1,336.58743
2014-01-19,1,19,1,2014,0,6,3,2,0,26.706736
2014-01-20,634,20,1,2014,0,0,4,2,1,754.3864
2014-01-21,1025,21,1,2014,0,1,4,2,1,978.6903
2014-01-22,1140,22,1,2014,0,2,4,2,1,1012.88074
2014-01-23,1052,23,1,2014,0,3,4,2,1,1012.9291
2014-01-24,931,24,1,2014,0,4,4,2,1,1012.9291
2014-01-25,397,25,1,2014,0,5,4,2,1,363.79132
2014-01-26,1,26,1,2014,0,6,4,2,0,26.706736
2014-01-27,599,27,1,2014,0,0,5,2,1,704.6303
2014-01-28,1195,28,1,2014,0,1,5,2,1,1165.8918
2014-01-29,1177,29,1,2014,0,2,5,2,1,1236.5006
2014-01-30,1158,30,1,2014,0,3,5,2,1,1292.938
2014-01-31,1719,31,1,2014,0,4,5,2,1,1574.7281
2014-02-01,231,1,2,2014,0,5,5,1,1,264.5659
2014-02-02,6,2,2,2014,0,6,5,1,0,26.706736
2014-02-03,708,3,2,2014,0,0,6,1,1,754.7614
2014-02-04,940,4,2,2014,0,1,6,1,1,959.735
2014-02-05,1091,5,2,2014,0,2,6,1,1,1118.9039
2014-02-06,1325,6,2,2014,0,3,6,1,1,1219.041
2014-02-07,1317,7,2,2014,0,4,6,1,1,1219.041
2014-02-08,351,8,2,2014,0,5,6,1,1,349.28235
2014-02-09,0,9,2,2014,0,6,6,1,0,26.706736
2014-02-10,936,10,2,2014,0,0,7,1,1,925.46265
2014-02-11,953,11,2,2014,0,1,7,1,1,1077.389
2014-02-12,1291,12,2,2014,0,2,7,1,1,1215.8164
2014-02-13,1115,13,2,2014,0,3,7,1,1,1243.3888
2014-02-14,1226,14,2,2014,0,4,7,1,1,1243.3888
2014-02-15,293,15,2,2014,0,5,7,1,1,336.58743
2014-02-16,0,16,2,2014,0,6,7,2,0,26.706736
2014-02-17,848,17,2,2014,0,0,8,2,1,856.42865
2014-02-18,1030,18,2,2014,0,1,8,2,1,1077.389
2014-02-19,1075,19,2,2014,0,2,8,2,1,1215.8164
2014-02-20,1085,20,2,2014,0,3,8,2,1,1243.3888
2014-02-21,1188,21,2,2014,0,4,8,2,1,1243.3888
2014-02-22,310,22,2,2014,0,5,8,2,1,336.58743
2014-02-23,0,23,2,2014,0,6,8,2,0,26.706736
2014-02-24,861,24,2,2014,0,0,9,2,1,860.92456
2014-02-25,1123,25,2,2014,0,1,9,2,1,1087.3939
2014-02-26,1321,26,2,2014,0,2,9,2,1,1281.6151
2014-02-27,1476,27,2,2014,0,3,9,2,1,1341.9155
2014-02-28,1770,28,2,2014,0,4,9,2,1,1618.5814
2014-03-01,211,1,3,2014,0,5,9,1,1,265.45193
2014-03-02,0,2,3,2014,0,6,9,1,0,26.706736
2014-03-03,660,3,3,2014,0,0,10,1,1,724.5593
2014-03-04,867,4,3,2014,0,1,10,1,1,959.735
2014-03-05,1021,5,3,2014,0,2,10,1,1,1148.0137
2014-03-06,1175,6,3,2014,0,3,10,1,1,1248.1508
2014-03-07,1327,7,3,2014,0,4,10,1,1,1248.1508
2014-03-08,331,8,3,2014,0,5,10,1,1,327.23138
2014-03-09,0,9,3,2014,0,6,10,1,0,26.706736
2014-03-10,831,10,3,2014,0,0,11,1,1,925.46265
2014-03-11,1166,11,3,2014,0,1,11,1,1,1077.389
2014-03-12,1163,12,3,2014,0,2,11,1,1,1244.9261
2014-03-13,1216,13,3,2014,0,3,11,1,1,1272.4985
2014-03-14,1220,14,3,2014,0,4,11,1,1,1272.4985
2014-03-15,343,15,3,2014,0,5,11,1,1,336.58743
2014-03-16,6,16,3,2014,0,6,11,2,0,26.706736
2014-03-17,735,17,3,2014,0,0,12,2,1,856.42865
2014-03-18,1061,18,3,2014,0,1,12,2,1,1077.389
2014-03-19,1135,19,3,2014,0,2,12,2,1,1244.9261
2014-03-20,1240,20,3,2014,0,3,12,2,1,1272.4985
2014-03-21,1374,21,3,2014,0,4,12,2,1,1272.4985
2014-03-22,335,22,3,2014,0,5,12,2,1,336.58743
2014-03-23,1,23,3,2014,0,6,12,2,0,26.706736
2014-03-24,0,24,3,2014,1,0,13,2,0,26.107735
2014-03-25,879,25,3,2014,0,1,13,2,1,1087.3939
2014-03-26,1303,26,3,2014,0,2,13,2,1,1310.7249
2014-03-27,1439,27,3,2014,0,3,13,2,1,1341.9155
2014-03-28,1280,28,3,2014,0,4,13,2,1,1618.5814
2014-03-29,653,29,3,2014,0,5,13,2,1,712.85474
2014-03-30,2,30,3,2014,0,6,13,2,0,29.470425
2014-03-31,1210,31,3,2014,0,0,14,2,1,1281.144
2014-04-01,1219,1,4,2014,0,1,14,1,1,914.5465
2014-04-02,960,2,4,2014,0,2,14,1,1,1045.6914
2014-04-03,1220,3,4,2014,0,3,14,1,1,1199.7048
2014-04-04,1438,4,4,2014,0,4,14,1,1,1247.1692
2014-04-05,382,5,4,2014,0,5,14,1,1,305.8699
2014-04-06,0,6,4,2014,0,6,14,1,0,26.706736
2014-04-07,1087,7,4,2014,0,0,15,1,1,947.948
2014-04-08,1290,8,4,2014,0,1,15,1,1,1077.389
2014-04-09,1480,9,4,2014,0,2,15,1,1,1244.9261
2014-04-10,1582,10,4,2014,0,3,15,1,1,1272.4985
2014-04-11,1575,11,4,2014,0,4,15,1,1,1272.4985
2014-04-12,228,12,4,2014,0,5,15,1,1,313.2555
2014-04-13,0,13,4,2014,0,6,15,1,0,26.706736
2014-04-14,1321,14,4,2014,0,0,16,1,1,947.948
2014-04-15,1133,15,4,2014,0,1,16,1,1,1077.389
2014-04-16,886,16,4,2014,0,2,16,2,1,1244.9261
2014-04-17,0,17,4,2014,1,3,16,2,0,77.97595
2014-04-18,0,18,4,2014,1,4,16,2,0,77.97595
2014-04-19,0,19,4,2014,0,5,16,2,1,336.51144
2014-04-20,0,20,4,2014,0,6,16,2,0,26.706736
2014-04-21,684,21,4,2014,0,0,17,2,1,878.914
2014-04-22,1079,22,4,2014,0,1,17,2,1,1077.389
2014-04-23,1182,23,4,2014,0,2,17,2,1,1244.9261
2014-04-24,1386,24,4,2014,0,3,17,2,1,1272.4985
2014-04-25,1157,25,4,2014,0,4,17,2,1,1282.5034
2014-04-26,479,26,4,2014,0,5,17,2,1,412.1873
2014-04-27,1,27,4,2014,0,6,17,2,0,26.706736
2014-04-28,1081,28,4,2014,0,0,18,2,1,1000.5821
2014-04-29,1427,29,4,2014,0,1,18,2,1,1454.9619
2014-04-30,1945,30,4,2014,0,2,18,2,1,1752.0739
2014-05-01,2,1,5,2014,1,3,18,1,0,22.24748
2014-05-02,917,2,5,2014,0,4,18,1,1,1144.8469
2014-05-03,294,3,5,2014,0,5,18,1,1,311.76834
2014-05-04,1,4,5,2014,0,6,18,1,0,26.706736
2014-05-05,849,5,5,2014,0,0,19,1,1,747.0447
2014-05-06,1070,6,5,2014,0,1,19,1,1,951.146
2014-05-07,1127,7,5,2014,0,2,19,1,1,1211.9894
2014-05-08,1240,8,5,2014,0,3,19,1,1,1263.9095
2014-05-09,1202,9,5,2014,0,4,19,1,1,1263.9095
2014-05-10,316,10,5,2014,0,5,19,1,1,346.1352
2014-05-11,0,11,5,2014,0,6,19,1,0,26.706736
2014-05-12,788,12,5,2014,0,0,20,1,1,947.948
2014-05-13,1193,13,5,2014,0,1,20,1,1,1068.8
2014-05-14,1272,14,5,2014,0,2,20,1,1,1236.3372
2014-05-15,1218,15,5,2014,0,3,20,1,1,1263.9095
2014-05-16,1235,16,5,2014,0,4,20,2,1,1263.9095
2014-05-17,362,17,5,2014,0,5,20,2,1,355.46786
2014-05-18,1,18,5,2014,0,6,20,2,0,26.706736
2014-05-19,822,19,5,2014,0,0,21,2,1,878.914
2014-05-20,1140,20,5,2014,0,1,21,2,1,1068.8
2014-05-21,1210,21,5,2014,0,2,21,2,1,1236.3372
2014-05-22,1249,22,5,2014,0,3,21,2,1,1263.9095
2014-05-23,1227,23,5,2014,0,4,21,2,1,1263.9095
2014-05-24,390,24,5,2014,0,5,21,2,1,377.40225
2014-05-25,0,25,5,2014,0,6,21,2,0,26.706736
2014-05-26,729,26,5,2014,0,0,22,2,1,869.58685
2014-05-27,1282,27,5,2014,0,1,22,2,1,1252.0677
2014-05-28,1689,28,5,2014,0,2,22,2,1,1410.0406
2014-05-29,1625,29,5,2014,0,3,22,2,1,1636.048
2014-05-30,1890,30,5,2014,0,4,22,2,1,1903.968
2014-05-31,673,31,5,2014,0,5,22,2,1,709.1529
2014-06-01,1,1,6,2014,0,6,22,1,0,26.706736
2014-06-02,0,2,6,2014,1,0,23,1,0,28.78455
2014-06-03,760,3,6,2014,0,1,23,1,1,903.68164
2014-06-04,998,4,6,2014,0,2,23,1,1,1139.4247
2014-06-05,1232,5,6,2014,0,3,23,1,1,1238.5802
2014-06-06,1229,6,6,2014,0,4,23,1,1,1239.5618
2014-06-07,368,7,6,2014,0,5,23,1,1,360.4688
2014-06-08,1,8,6,2014,0,6,23,1,0,26.706736
2014-06-09,1049,9,6,2014,0,0,24,1,1,947.948
2014-06-10,1213,10,6,2014,0,1,24,1,1,1068.8
2014-06-11,1317,11,6,2014,0,2,24,1,1,1236.3372
2014-06-12,1233,12,6,2014,0,3,24,1,1,1263.9095
2014-06-13,847,13,6,2014,0,4,24,1,1,1263.9095
2014-06-14,410,14,6,2014,0,5,24,1,1,387.22644
2014-06-15,0,15,6,2014,0,6,24,1,0,26.706736
2014-06-16,1102,16,6,2014,0,0,25,2,1,891.96655
2014-06-17,1195,17,6,2014,0,1,25,2,1,1068.8
2014-06-18,1161,18,6,2014,0,2,25,2,1,1236.3372
2014-06-19,1198,19,6,2014,0,3,25,2,1,1263.9095
2014-06-20,1232,20,6,2014,0,4,25,2,1,1263.9095
2014-06-21,333,21,6,2014,0,5,25,2,1,376.00558
2014-06-22,1,22,6,2014,0,6,25,2,0,26.706736
2014-06-23,0,23,6,2014,1,0,26,2,0,26.246655
2014-06-24,829,24,6,2014,0,1,26,2,1,1068.8
2014-06-25,1220,25,6,2014,0,2,26,2,1,1246.342
2014-06-26,1489,26,6,2014,0,3,26,2,1,1353.385
2014-06-27,1889,27,6,2014,0,4,26,2,1,1487.6257
2014-06-28,839,28,6,2014,0,5,26,2,1,690.5994
2014-06-29,1,29,6,2014,0,6,26,2,0,29.470425
2014-06-30,5,30,6,2014,1,0,27,2,0,25.136948
2014-07-01,543,1,7,2014,0,1,27,1,1,914.5465
2014-07-02,1001,2,7,2014,0,2,27,1,1,1045.6914
2014-07-03,1143,3,7,2014,0,3,27,1,1,1191.1158
2014-07-04,920,4,7,2014,0,4,27,1,1,1238.5802
2014-07-05,245,5,7,2014,0,5,27,1,1,346.45523
2014-07-06,0,6,7,2014,0,6,27,1,0,26.706736
2014-07-07,768,7,7,2014,0,0,28,1,1,947.948
2014-07-08,1172,8,7,2014,0,1,28,1,1,1068.8
2014-07-09,1181,9,7,2014,0,2,28,1,1,1236.3372
2014-07-10,1273,10,7,2014,0,3,28,1,1,1263.9095
2014-07-11,1229,11,7,2014,0,4,28,1,1,1263.9095
2014-07-12,383,12,7,2014,0,5,28,1,1,379.21085
2014-07-13,1,13,7,2014,0,6,28,1,0,26.706736
2014-07-14,952,14,7,2014,0,0,29,1,1,947.948
2014-07-15,1174,15,7,2014,0,1,29,1,1,1068.8
2014-07-16,955,16,7,2014,0,2,29,2,1,1236.3372
2014-07-17,1345,17,7,2014,0,3,29,2,1,1263.9095
2014-07-18,1133,18,7,2014,0,4,29,2,1,1263.9095
2014-07-19,329,19,7,2014,0,5,29,2,1,367.99
2014-07-20,2,20,7,2014,1,6,29,2,0,26.706736
2014-07-21,686,21,7,2014,0,0,30,2,1,878.914
2014-07-22,1212,22,7,2014,0,1,30,2,1,1068.8
2014-07-23,1168,23,7,2014,0,2,30,2,1,1236.3372
2014-07-24,1334,24,7,2014,0,3,30,2,1,1263.9095
2014-07-25,1260,25,7,2014,0,4,30,2,1,1273.9144
2014-07-26,528,26,7,2014,0,5,30,2,1,426.5947
2014-07-27,3,27,7,2014,0,6,30,2,0,26.706736
2014-07-28,1075,28,7,2014,0,0,31,2,1,1000.5821
2014-07-29,1476,29,7,2014,0,1,31,2,1,1490.7457
2014-07-30,1724,30,7,2014,0,2,31,2,1,1733.5667
2014-07-31,1552,31,7,2014,0,3,31,2,1,1891.2861
2014-08-01,1604,1,8,2014,0,4,31,1,1,1203.3741
2014-08-02,318,2,8,2014,0,5,31,1,1,304.3103
2014-08-03,0,3,8,2014,0,6,31,1,0,26.706736
2014-08-04,825,4,8,2014,0,0,32,1,1,747.0447
2014-08-05,1034,5,8,2014,0,1,32,1,1,986.8815
2014-08-06,1318,6,8,2014,0,2,32,1,1,1217.2517
2014-08-07,4,7,8,2014,1,3,32,1,0,80.77462
2014-08-08,1239,8,8,2014,0,4,32,1,1,1299.645
2014-08-09,368,9,8,2014,0,5,32,1,1,371.41486
2014-08-10,1,10,8,2014,0,6,32,1,0,26.706736
2014-08-11,1047,11,8,2014,0,0,33,1,1,957.31464
2014-08-12,1160,12,8,2014,0,1,33,1,1,1104.5355
2014-08-13,1553,13,8,2014,0,2,33,1,1,1272.0726
2014-08-14,1604,14,8,2014,0,3,33,1,1,1299.645
2014-08-15,1423,15,8,2014,0,4,33,1,1,1299.645
2014-08-16,344,16,8,2014,0,5,33,2,1,367.99
2014-08-17,0,17,8,2014,0,6,33,2,0,26.706736
2014-08-18,0,18,8,2014,1,0,34,2,0,26.246655
2014-08-19,927,19,8,2014,0,1,34,2,1,1104.5355
2014-08-20,1108,20,8,2014,0,2,34,2,1,1272.0726
2014-08-21,1291,21,8,2014,0,3,34,2,1,1299.645
2014-08-22,1400,22,8,2014,0,4,34,2,1,1299.645
2014-08-23,384,23,8,2014,0,5,34,2,1,367.99
2014-08-24,1,24,8,2014,0,6,34,2,0,26.706736
2014-08-25,865,25,8,2014,0,0,35,2,1,891.5526
2014-08-26,1479,26,8,2014,0,1,35,2,1,1178.9716
2014-08-27,1622,27,8,2014,0,2,35,2,1,1370.823
2014-08-28,1723,28,8,2014,0,3,35,2,1,1482.462
2014-08-29,1969,29,8,2014,0,4,35,2,1,1756.0269
2014-08-30,917,30,8,2014,0,5,35,2,1,893.7673
2014-08-31,8,31,8,2014,0,6,35,2,0,29.470425
2014-09-01,810,1,9,2014,0,0,36,1,1,807.76715
2014-09-02,803,2,9,2014,0,1,36,1,1,939.4171
2014-09-03,1297,3,9,2014,0,2,36,1,1,1127.6958
2014-09-04,1477,4,9,2014,0,3,36,1,1,1274.3157
2014-09-05,1346,5,9,2014,0,4,36,1,1,1274.3157
2014-09-06,408,6,9,2014,0,5,36,1,1,346.45523
2014-09-07,1,7,9,2014,0,6,36,1,0,26.706736
2014-09-08,1042,8,9,2014,0,0,37,1,1,957.31464
2014-09-09,1254,9,9,2014,0,1,37,1,1,1104.5355
2014-09-10,1497,10,9,2014,0,2,37,1,1,1272.0726
2014-09-11,1378,11,9,2014,0,3,37,1,1,1299.645
2014-09-12,1256,12,9,2014,0,4,37,1,1,1299.645
2014-09-13,472,13,9,2014,0,5,37,1,1,380.48553
2014-09-14,1,14,9,2014,0,6,37,1,0,26.706736
2014-09-15,938,15,9,2014,0,0,38,1,1,901.3332
2014-09-16,1225,16,9,2014,0,1,38,2,1,1104.5355
2014-09-17,1384,17,9,2014,0,2,38,2,1,1272.0726
2014-09-18,1311,18,9,2014,0,3,38,2,1,1299.645
2014-09-19,1218,19,9,2014,0,4,38,2,1,1299.645
2014-09-20,328,20,9,2014,0,5,38,2,1,380.48553
2014-09-21,0,21,9,2014,0,6,38,2,0,26.706736
2014-09-22,890,22,9,2014,0,0,39,2,1,901.3332
2014-09-23,1206,23,9,2014,0,1,39,2,1,1104.5355
2014-09-24,1335,24,9,2014,0,2,39,2,1,1272.0726
2014-09-25,1466,25,9,2014,0,3,39,2,1,1309.6499
2014-09-26,1514,26,9,2014,0,4,39,2,1,1410.0894
2014-09-27,469,27,9,2014,0,5,39,2,1,558.61194
2014-09-28,10,28,9,2014,0,6,39,2,0,26.706736
2014-09-29,1285,29,9,2014,0,0,40,2,1,1246.8522
2014-09-30,2026,30,9,2014,0,1,40,2,1,1847.8647
2014-10-01,1156,1,10,2014,0,2,40,1,1,1104.2186
2014-10-02,1286,2,10,2014,0,3,40,1,1,1203.3741
2014-10-03,1165,3,10,2014,0,4,40,1,1,1226.8513
2014-10-04,333,4,10,2014,0,5,40,1,1,346.45523
2014-10-05,0,5,10,2014,0,6,40,1,0,26.706736
2014-10-06,929,6,10,2014,0,0,41,1,1,793.0107
2014-10-07,1290,7,10,2014,0,1,41,1,1,1080.1877
2014-10-08,1457,8,10,2014,0,2,41,1,1,1272.0726
2014-10-09,989,9,10,2014,0,3,41,1,1,1299.645
2014-10-10,1861,10,10,2014,0,4,41,1,1,1299.645
2014-10-11,370,11,10,2014,0,5,41,1,1,380.48553
2014-10-12,5,12,10,2014,0,6,41,1,0,26.706736
2014-10-13,0,13,10,2014,1,0,42,1,0,26.246655
2014-10-14,969,14,10,2014,0,1,42,1,1,1104.5355
2014-10-15,1261,15,10,2014,0,2,42,1,1,1272.0726
2014-10-16,1369,16,10,2014,0,3,42,2,1,1299.645
2014-10-17,1349,17,10,2014,0,4,42,2,1,1299.645
2014-10-18,389,18,10,2014,0,5,42,2,1,380.48553
2014-10-19,2,19,10,2014,0,6,42,2,0,26.706736
2014-10-20,931,20,10,2014,0,0,43,2,1,901.3332
2014-10-21,1175,21,10,2014,0,1,43,2,1,1104.5355
2014-10-22,1360,22,10,2014,0,2,43,2,1,1272.0726
2014-10-23,1344,23,10,2014,0,3,43,2,1,1299.645
2014-10-24,1404,24,10,2014,0,4,43,2,1,1299.645
2014-10-25,373,25,10,2014,0,5,43,2,1,396.9014
2014-10-26,0,26,10,2014,0,6,43,2,0,26.706736
2014-10-27,1095,27,10,2014,0,0,44,2,1,884.38196
2014-10-28,1459,28,10,2014,0,1,44,2,1,1371.1824
2014-10-29,1871,29,10,2014,0,2,44,2,1,1620.8478
2014-10-30,1827,30,10,2014,0,3,44,2,1,1886.833
2014-10-31,2514,31,10,2014,0,4,44,2,1,2074.162
2014-11-01,230,1,11,2014,0,5,44,1,1,279.48483
2014-11-02,1,2,11,2014,0,6,44,1,0,26.706736
2014-11-03,0,3,11,2014,1,0,45,1,0,21.099699
2014-11-04,674,4,11,2014,0,1,45,1,1,986.8815
2014-11-05,959,5,11,2014,0,2,45,1,1,1175.1602
2014-11-06,1373,6,11,2014,0,3,45,1,1,1334.8906
2014-11-07,1360,7,11,2014,0,4,45,1,1,1334.8906
2014-11-08,350,8,11,2014,0,5,45,1,1,350.67038
2014-11-09,0,9,11,2014,0,6,45,1,0,26.706736
2014-11-10,852,10,11,2014,0,0,46,1,1,957.31464
2014-11-11,473,11,11,2014,0,1,46,1,1,1104.5355
2014-11-12,1681,12,11,2014,0,2,46,1,1,1331.666
2014-11-13,1596,13,11,2014,0,3,46,1,1,1359.2384
2014-11-14,1535,14,11,2014,0,4,46,1,1,1359.2384
2014-11-15,391,15,11,2014,0,5,46,1,1,420.45993
2014-11-16,23,16,11,2014,0,6,46,2,0,26.706736
2014-11-17,0,17,11,2014,1,0,47,2,0,26.246655
2014-11-18,915,18,11,2014,0,1,47,2,1,1104.5355
2014-11-19,1192,19,11,2014,0,2,47,2,1,1331.666
2014-11-20,1137,20,11,2014,0,3,47,2,1,1359.2384
2014-11-21,1558,21,11,2014,0,4,47,2,1,1359.2384
2014-11-22,422,22,11,2014,0,5,47,2,1,420.45993
2014-11-23,0,23,11,2014,0,6,47,2,0,26.706736
2014-11-24,1080,24,11,2014,0,0,48,2,1,891.5526
2014-11-25,1333,25,11,2014,0,1,48,2,1,1189.2294
2014-11-26,1555,26,11,2014,0,2,48,2,1,1517.0054
2014-11-27,1784,27,11,2014,0,3,48,2,1,1624.8937
2014-11-28,2098,28,11,2014,0,4,48,2,1,2045.8389
2014-11-29,1175,29,11,2014,0,5,48,2,1,1065.2355
2014-11-30,69,30,11,2014,0,6,48,2,0,41.765324
2014-12-01,684,1,12,2014,0,0,49,1,1,774.45264
2014-12-02,1055,2,12,2014,0,1,49,1,1,998.9145
2014-12-03,1285,3,12,2014,0,2,49,1,1,1230.3207
2014-12-04,1699,4,12,2014,0,3,49,1,1,1625.4436
2014-12-05,1769,5,12,2014,0,4,49,1,1,1696.3022
2014-12-06,348,6,12,2014,0,5,49,1,1,435.869
2014-12-07,1,7,12,2014,0,6,49,1,0,26.706736
2014-12-08,0,8,12,2014,1,0,50,1,0,26.246655
2014-12-09,1175,9,12,2014,0,1,50,1,1,1203.5514
2014-12-10,1786,10,12,2014,0,2,50,1,1,1632.8383
2014-12-11,1864,11,12,2014,0,3,50,1,1,1807.5503
2014-12-12,2289,12,12,2014,0,4,50,1,1,1969.6729
2014-12-13,700,13,12,2014,0,5,50,1,1,576.97876
2014-12-14,1,14,12,2014,0,6,50,1,0,26.706736
2014-12-15,1516,15,12,2014,0,0,51,1,1,1129.2479
2014-12-16,1941,16,12,2014,0,1,51,2,1,1559.3235
2014-12-17,2108,17,12,2014,0,2,51,2,1,1892.1274
2014-12-18,2360,18,12,2014,0,3,51,2,1,2043.5825
2014-12-19,2391,19,12,2014,0,4,51,2,1,2043.5825
2014-12-20,624,20,12,2014,0,5,51,2,1,653.955
2014-12-21,1,21,12,2014,0,6,51,2,0,26.706736
2014-12-22,1415,22,12,2014,0,0,52,2,1,1344.8575
2014-12-23,2593,23,12,2014,0,1,52,2,1,1774.9331
2014-12-24,1909,24,12,2014,0,2,52,2,1,1955.0344
2014-12-25,0,25,12,2014,1,3,52,2,0,105.12242
2014-12-26,1656,26,12,2014,0,4,52,2,1,1814.4958
2014-12-27,983,27,12,2014,0,5,52,2,1,960.3131
2014-12-28,0,28,12,2014,0,6,52,2,0,26.706736
2014-12-29,2106,29,12,2014,0,0,1,2,1,2078.7883
2014-12-30,3437,30,12,2014,0,1,1,2,1,2748.9453
2014-12-31,822,31,12,2014,0,2,1,2,1,1050.3777
2015-01-01,0,1,1,2015,1,3,1,1,0,12.4839
2015-01-02,117,2,1,2015,0,4,1,1,1,347.3446
2015-01-03,76,3,1,2015,0,5,1,1,1,160.30771
2015-01-04,0,4,1,2015,0,6,1,1,0,26.706736
2015-01-05,325,5,1,2015,0,0,2,1,1,453.00467
2015-01-06,739,6,1,2015,0,1,2,1,1,589.80206
2015-01-07,1128,7,1,2015,0,2,2,1,1,955.7358
2015-01-08,1067,8,1,2015,0,3,2,1,1,1020.44226
2015-01-09,1180,9,1,2015,0,4,2,1,1,1020.44226
2015-01-10,377,10,1,2015,0,5,2,1,1,345.8103
2015-01-11,0,11,1,2015,0,6,2,1,0,26.706736
2015-01-12,2,12,1,2015,1,0,3,1,0,29.875446
2015-01-13,859,13,1,2015,0,1,3,1,1,983.1774
2015-01-14,1111,14,1,2015,0,2,3,1,1,1021.3411
2015-01-15,949,15,1,2015,0,3,3,1,1,1020.44226
2015-01-16,1271,16,1,2015,0,4,3,2,1,1020.44226
2015-01-17,394,17,1,2015,0,5,3,2,1,338.53485
2015-01-18,0,18,1,2015,0,6,3,2,0,26.706736
2015-01-19,811,19,1,2015,0,0,4,2,1,730.9378
2015-01-20,1097,20,1,2015,0,1,4,2,1,983.1774
2015-01-21,1169,21,1,2015,0,2,4,2,1,1021.3411
2015-01-22,1044,22,1,2015,0,3,4,2,1,1020.44226
2015-01-23,772,23,1,2015,0,4,4,2,1,1020.44226
2015-01-24,323,24,1,2015,0,5,4,2,1,341.90207
2015-01-25,0,25,1,2015,0,6,4,2,0,26.706736
2015-01-26,731,26,1,2015,0,0,5,2,1,701.3005
2015-01-27,1164,27,1,2015,0,1,5,2,1,1092.5887
2015-01-28,1171,28,1,2015,0,2,5,2,1,1220.8508
2015-01-29,1250,29,1,2015,0,3,5,2,1,1240.941
2015-01-30,1580,30,1,2015,0,4,5,2,1,1513.9288
2015-01-31,659,31,1,2015,0,5,5,2,1,710.773
2015-02-01,1,1,2,2015,0,6,5,1,0,26.706736
2015-02-02,739,2,2,2015,0,0,6,1,1,618.39606
2015-02-03,880,3,2,2015,0,1,6,1,1,814.4922
2015-02-04,1033,4,2,2015,0,2,6,1,1,1055.029
2015-02-05,1016,5,2,2015,0,3,6,1,1,1106.0778
2015-02-06,1181,6,2,2015,0,4,6,1,1,1107.0593
2015-02-07,312,7,2,2015,0,5,6,1,1,262.30792
2015-02-08,0,8,2,2015,0,6,6,1,0,26.706736
2015-02-09,856,9,2,2015,0,0,7,1,1,772.9245
2015-02-10,1074,10,2,2015,0,1,7,1,1,982.64514
2015-02-11,1203,11,2,2015,0,2,7,1,1,1112.3896
2015-02-12,1145,12,2,2015,0,3,7,1,1,1111.4908
2015-02-13,1091,13,2,2015,0,4,7,1,1,1111.4908
2015-02-14,274,14,2,2015,0,5,7,1,1,338.53485
2015-02-15,1,15,2,2015,0,6,7,1,0,26.706736
2015-02-16,667,16,2,2015,0,0,8,2,1,772.9245
2015-02-17,994,17,2,2015,0,1,8,2,1,982.64514
2015-02-18,1081,18,2,2015,0,2,8,2,1,1112.3896
2015-02-19,1136,19,2,2015,0,3,8,2,1,1111.4908
2015-02-20,1121,20,2,2015,0,4,8,2,1,1111.4908
2015-02-21,331,21,2,2015,0,5,8,2,1,338.53485
2015-02-22,22,22,2,2015,0,6,8,2,0,26.706736
2015-02-23,787,23,2,2015,0,0,9,2,1,771.96277
2015-02-24,1153,24,2,2015,0,1,9,2,1,1041.9635
2015-02-25,1242,25,2,2015,0,2,9,2,1,1138.9587
2015-02-26,1188,26,2,2015,0,3,9,2,1,1174.0503
2015-02-27,1791,27,2,2015,0,4,9,2,1,1422.5099
2015-02-28,691,28,2,2015,0,5,9,2,1,592.601
2015-03-01,0,1,3,2015,0,6,9,1,0,26.706736
2015-03-02,438,2,3,2015,0,0,10,1,1,588.194
2015-03-03,1071,3,3,2015,0,1,10,1,1,814.4922
2015-03-04,1129,4,3,2015,0,2,10,1,1,1055.029
2015-03-05,1310,5,3,2015,0,3,10,1,1,1106.0778
2015-03-06,1126,6,3,2015,0,4,10,1,1,1107.0593
2015-03-07,293,7,3,2015,0,5,10,1,1,225.707
2015-03-08,1,8,3,2015,0,6,10,1,0,26.706736
2015-03-09,665,9,3,2015,0,0,11,1,1,772.9245
2015-03-10,1051,10,3,2015,0,1,11,1,1,982.64514
2015-03-11,1196,11,3,2015,0,2,11,1,1,1112.3896
2015-03-12,1184,12,3,2015,0,3,11,1,1,1111.4908
2015-03-13,1141,13,3,2015,0,4,11,1,1,1111.4908
2015-03-14,314,14,3,2015,0,5,11,1,1,338.53485
2015-03-15,0,15,3,2015,0,6,11,1,0,26.706736
2015-03-16,734,16,3,2015,0,0,12,2,1,772.9245
2015-03-17,974,17,3,2015,0,1,12,2,1,982.64514
2015-03-18,1118,18,3,2015,0,2,12,2,1,1112.3896
2015-03-19,1091,19,3,2015,0,3,12,2,1,1111.4908
2015-03-20,1210,20,3,2015,0,4,12,2,1,1111.4908
2015-03-21,312,21,3,2015,0,5,12,2,1,338.53485
2015-03-22,0,22,3,2015,0,6,12,2,0,26.706736
2015-03-23,0,23,3,2015,1,0,13,2,0,29.875446
2015-03-24,862,24,3,2015,0,1,13,2,1,1041.9635
2015-03-25,1098,25,3,2015,0,2,13,2,1,1138.9587
2015-03-26,1174,26,3,2015,0,3,13,2,1,1174.0503
2015-03-27,1723,27,3,2015,0,4,13,2,1,1422.5099
2015-03-28,541,28,3,2015,0,5,13,2,1,535.68335
2015-03-29,29,29,3,2015,0,6,13,2,0,29.470425
2015-03-30,1333,30,3,2015,0,0,14,2,1,1379.9075
2015-03-31,1692,31,3,2015,0,1,14,2,1,1592.3481
2015-04-01,613,1,4,2015,0,2,14,1,1,829.99774
2015-04-02,0,2,4,2015,1,3,14,1,0,22.24748
2015-04-03,0,3,4,2015,1,4,14,1,0,53.628155
2015-04-04,1,4,4,2015,0,5,14,1,1,193.9225
2015-04-05,0,5,4,2015,0,6,14,1,0,26.706736
2015-04-06,634,6,4,2015,0,0,15,1,1,658.48413
2015-04-07,882,7,4,2015,0,1,15,1,1,978.21375
2015-04-08,1030,8,4,2015,0,2,15,1,1,1112.3896
2015-04-09,1098,9,4,2015,0,3,15,1,1,1111.4908
2015-04-10,1110,10,4,2015,0,4,15,1,1,1111.4908
2015-04-11,316,11,4,2015,0,5,15,1,1,315.2029
2015-04-12,0,12,4,2015,0,6,15,1,0,26.706736
2015-04-13,740,13,4,2015,0,0,16,1,1,770.25867
2015-04-14,1112,14,4,2015,0,1,16,1,1,982.64514
2015-04-15,1114,15,4,2015,0,2,16,1,1,1112.3896
2015-04-16,1072,16,4,2015,0,3,16,2,1,1111.4908
2015-04-17,1086,17,4,2015,0,4,16,2,1,1111.4908
2015-04-18,251,18,4,2015,0,5,16,2,1,338.45886
2015-04-19,11,19,4,2015,0,6,16,2,0,26.706736
2015-04-20,749,20,4,2015,0,0,17,2,1,757.2061
2015-04-21,972,21,4,2015,0,1,17,2,1,982.64514
2015-04-22,1042,22,4,2015,0,2,17,2,1,1112.3896
2015-04-23,1089,23,4,2015,0,3,17,2,1,1111.4908
2015-04-24,1042,24,4,2015,0,4,17,2,1,1111.4908
2015-04-25,383,25,4,2015,0,5,17,2,1,360.39325
2015-04-26,0,26,4,2015,0,6,17,2,0,26.706736
2015-04-27,816,27,4,2015,0,0,18,2,1,834.55493
2015-04-28,1326,28,4,2015,0,1,18,2,1,1263.7737
2015-04-29,1487,29,4,2015,0,2,18,2,1,1470.8219
2015-04-30,2007,30,4,2015,0,3,18,2,1,1773.8486
2015-05-01,0,1,5,2015,1,4,18,1,0,22.24748
2015-05-02,117,2,5,2015,0,5,18,1,1,248.35666
2015-05-03,0,3,5,2015,0,6,18,1,0,26.706736
2015-05-04,555,4,5,2015,0,0,19,1,1,585.5281
2015-05-05,839,5,5,2015,0,1,19,1,1,853.36755
2015-05-06,1005,6,5,2015,0,2,19,1,1,1068.896
2015-05-07,1183,7,5,2015,0,3,19,1,1,1098.4703
2015-05-08,1212,8,5,2015,0,4,19,1,1,1102.9019
2015-05-09,310,9,5,2015,0,5,19,1,1,325.3099
2015-05-10,0,10,5,2015,0,6,19,1,0,26.706736
2015-05-11,797,11,5,2015,0,0,20,1,1,770.25867
2015-05-12,1091,12,5,2015,0,1,20,1,1,974.05615
2015-05-13,1107,13,5,2015,0,2,20,1,1,1103.8007
2015-05-14,1222,14,5,2015,0,3,20,1,1,1102.9019
2015-05-15,1203,15,5,2015,0,4,20,1,1,1102.9019
2015-05-16,327,16,5,2015,0,5,20,2,1,344.42328
2015-05-17,2,17,5,2015,0,6,20,2,0,26.706736
2015-05-18,0,18,5,2015,1,0,21,2,0,27.209618
2015-05-19,792,19,5,2015,0,1,21,2,1,974.05615
2015-05-20,1034,20,5,2015,0,2,21,2,1,1103.8007
2015-05-21,1065,21,5,2015,0,3,21,2,1,1102.9019
2015-05-22,1159,22,5,2015,0,4,21,2,1,1102.9019
2015-05-23,323,23,5,2015,0,5,21,2,1,348.23355
2015-05-24,0,24,5,2015,0,6,21,2,0,26.706736
2015-05-25,916,25,5,2015,0,0,22,2,1,799.23926
2015-05-26,1174,26,5,2015,0,1,22,2,1,1083.873
2015-05-27,1244,27,5,2015,0,2,22,2,1,1276.8027
2015-05-28,1419,28,5,2015,0,3,22,2,1,1427.0587
2015-05-29,1725,29,5,2015,0,4,22,2,1,1710.8273
2015-05-30,827,30,5,2015,0,5,22,2,1,785.39777
2015-05-31,1,31,5,2015,0,6,22,2,0,29.470425
2015-06-01,524,1,6,2015,0,0,23,1,1,574.0523
2015-06-02,820,2,6,2015,0,1,23,1,1,816.76807
2015-06-03,1033,3,6,2015,0,2,23,1,1,998.97565
2015-06-04,1201,4,6,2015,0,3,23,1,1,1097.4888
2015-06-05,1180,5,6,2015,0,4,23,1,1,1097.4888
2015-06-06,334,6,6,2015,0,5,23,1,1,339.6794
2015-06-07,2,7,6,2015,0,6,23,1,0,26.706736
2015-06-08,0,8,6,2015,1,0,24,1,0,27.209618
2015-06-09,808,9,6,2015,0,1,24,1,1,974.05615
2015-06-10,1149,10,6,2015,0,2,24,1,1,1103.8007
2015-06-11,1233,11,6,2015,0,3,24,1,1,1102.9019
2015-06-12,1239,12,6,2015,0,4,24,1,1,1102.9019
2015-06-13,437,13,6,2015,0,5,24,1,1,375.15576
2015-06-14,0,14,6,2015,0,6,24,1,0,26.706736
2015-06-15,0,15,6,2015,1,0,25,1,0,27.209618
2015-06-16,732,16,6,2015,0,1,25,2,1,974.05615
2015-06-17,1051,17,6,2015,0,2,25,2,1,1103.8007
2015-06-18,1169,18,6,2015,0,3,25,2,1,1102.9019
2015-06-19,1141,19,6,2015,0,4,25,2,1,1102.9019
2015-06-20,397,20,6,2015,0,5,25,2,1,363.9349
2015-06-21,0,21,6,2015,0,6,25,2,0,26.706736
2015-06-22,686,22,6,2015,0,0,26,2,1,769.29694
2015-06-23,1188,23,6,2015,0,1,26,2,1,1033.3745
2015-06-24,1236,24,6,2015,0,2,26,2,1,1103.8007
2015-06-25,1463,25,6,2015,0,3,26,2,1,1129.471
2015-06-26,1420,26,6,2015,0,4,26,2,1,1259.659
2015-06-27,530,27,6,2015,0,5,26,2,1,605.8861
2015-06-28,7,28,6,2015,0,6,26,2,0,26.706736
2015-06-29,0,29,6,2015,1,0,27,2,0,25.609972
2015-06-30,1643,30,6,2015,0,1,27,2,1,1699.3374
2015-07-01,743,1,7,2015,0,2,27,1,1,829.99774
2015-07-02,985,2,7,2015,0,3,27,1,1,853.99255
2015-07-03,1099,3,7,2015,0,4,27,1,1,1050.0244
2015-07-04,310,4,7,2015,0,5,27,1,1,293.02576
2015-07-05,2,5,7,2015,0,6,27,1,0,26.706736
2015-07-06,639,6,7,2015,0,0,28,1,1,658.48413
2015-07-07,1088,7,7,2015,0,1,28,1,1,969.62476
2015-07-08,1257,8,7,2015,0,2,28,1,1,1103.8007
2015-07-09,1201,9,7,2015,0,3,28,1,1,1102.9019
2015-07-10,1226,10,7,2015,0,4,28,1,1,1102.9019
2015-07-11,364,11,7,2015,0,5,28,1,1,367.14017
2015-07-12,20,12,7,2015,0,6,28,1,0,26.706736
2015-07-13,864,13,7,2015,0,0,29,1,1,770.25867
2015-07-14,1080,14,7,2015,0,1,29,1,1,974.05615
2015-07-15,1226,15,7,2015,0,2,29,1,1,1103.8007
2015-07-16,1182,16,7,2015,0,3,29,2,1,1102.9019
2015-07-17,1002,17,7,2015,0,4,29,2,1,1102.9019
2015-07-18,324,18,7,2015,0,5,29,2,1,355.9193
2015-07-19,0,19,7,2015,0,6,29,2,0,26.706736
2015-07-20,0,20,7,2015,1,0,30,2,0,27.209618
2015-07-21,731,21,7,2015,0,1,30,2,1,974.05615
2015-07-22,1041,22,7,2015,0,2,30,2,1,1103.8007
2015-07-23,1329,23,7,2015,0,3,30,2,1,1102.9019
2015-07-24,1110,24,7,2015,0,4,30,2,1,1102.9019
2015-07-25,420,25,7,2015,0,5,30,2,1,394.74792
2015-07-26,8,26,7,2015,0,6,30,2,0,26.706736
2015-07-27,1010,27,7,2015,0,0,31,2,1,834.55493
2015-07-28,1322,28,7,2015,0,1,31,2,1,1263.7737
2015-07-29,1486,29,7,2015,0,2,31,2,1,1470.8219
2015-07-30,1589,30,7,2015,0,3,31,2,1,1719.5576
2015-07-31,2083,31,7,2015,0,4,31,2,1,1923.5851
2015-08-01,244,1,8,2015,0,5,31,1,1,252.09265
2015-08-02,0,2,8,2015,0,6,31,1,0,26.706736
2015-08-03,651,3,8,2015,0,0,32,1,1,574.0523
2015-08-04,1023,4,8,2015,0,1,32,1,1,859.0614
2015-08-05,1211,5,8,2015,0,2,32,1,1,1052.1338
2015-08-06,1254,6,8,2015,0,3,32,1,1,1104.1641
2015-08-07,28,7,8,2015,1,4,32,1,0,50.73297
2015-08-08,245,8,8,2015,0,5,32,1,1,328.78036
2015-08-09,0,9,8,2015,0,6,32,1,0,26.706736
2015-08-10,865,10,8,2015,0,0,33,1,1,779.6253
2015-08-11,1143,11,8,2015,0,1,33,1,1,979.75
2015-08-12,1157,12,8,2015,0,2,33,1,1,1109.4944
2015-08-13,1194,13,8,2015,0,3,33,1,1,1108.5956
2015-08-14,1103,14,8,2015,0,4,33,1,1,1108.5956
2015-08-15,361,15,8,2015,0,5,33,1,1,354.87173
2015-08-16,4,16,8,2015,0,6,33,2,0,26.706736
2015-08-17,0,17,8,2015,1,0,34,2,0,27.209618
2015-08-18,724,18,8,2015,0,1,34,2,1,979.75
2015-08-19,1061,19,8,2015,0,2,34,2,1,1109.4944
2015-08-20,1097,20,8,2015,0,3,34,2,1,1108.5956
2015-08-21,1209,21,8,2015,0,4,34,2,1,1108.5956
2015-08-22,394,22,8,2015,0,5,34,2,1,343.65088
2015-08-23,1,23,8,2015,0,6,34,2,0,26.706736
2015-08-24,745,24,8,2015,0,0,35,2,1,776.5574
2015-08-25,1207,25,8,2015,0,1,35,2,1,1065.6372
2015-08-26,1277,26,8,2015,0,2,35,2,1,1167.174
2015-08-27,1298,27,8,2015,0,3,35,2,1,1283.6791
2015-08-28,1586,28,8,2015,0,4,35,2,1,1575.942
2015-08-29,541,29,8,2015,0,5,35,2,1,759.24567
2015-08-30,20,30,8,2015,0,6,35,2,0,29.470425
2015-08-31,1686,31,8,2015,0,0,36,2,1,1627.8497
2015-09-01,744,1,9,2015,0,1,36,1,1,811.59705
2015-09-02,896,2,9,2015,0,2,36,1,1,858.4833
2015-09-03,953,3,9,2015,0,3,36,1,1,1055.7181
2015-09-04,1198,4,9,2015,0,4,36,1,1,1103.1825
2015-09-05,298,5,9,2015,0,5,36,1,1,307.45682
2015-09-06,1,6,9,2015,0,6,36,1,0,26.706736
2015-09-07,898,7,9,2015,0,0,37,1,1,779.6253
2015-09-08,1095,8,9,2015,0,1,37,1,1,979.75
2015-09-09,1230,9,9,2015,0,2,37,1,1,1109.4944
2015-09-10,1214,10,9,2015,0,3,37,1,1,1108.5956
2015-09-11,1141,11,9,2015,0,4,37,1,1,1108.5956
2015-09-12,371,12,9,2015,0,5,37,1,1,343.5901
2015-09-13,0,13,9,2015,0,6,37,1,0,26.706736
2015-09-14,832,14,9,2015,0,0,38,1,1,779.6253
2015-09-15,1053,15,9,2015,0,1,38,1,1,979.75
2015-09-16,1057,16,9,2015,0,2,38,2,1,1109.4944
2015-09-17,1115,17,9,2015,0,3,38,2,1,1108.5956
2015-09-18,1034,18,9,2015,0,4,38,2,1,1108.5956
2015-09-19,244,19,9,2015,0,5,38,2,1,343.5901
2015-09-20,2,20,9,2015,0,6,38,2,0,26.706736
2015-09-21,519,21,9,2015,0,0,39,2,1,779.6253
2015-09-22,1054,22,9,2015,0,1,39,2,1,1039.0682
2015-09-23,1199,23,9,2015,0,2,39,2,1,1109.4944
2015-09-24,1110,24,9,2015,0,3,39,2,1,1108.5956
2015-09-25,985,25,9,2015,0,4,39,2,1,1135.1647
2015-09-26,347,26,9,2015,0,5,39,2,1,371.5505
2015-09-27,0,27,9,2015,0,6,39,2,0,26.706736
2015-09-28,939,28,9,2015,0,0,40,2,1,955.39825
2015-09-29,1365,29,9,2015,0,1,40,2,1,1379.9583
2015-09-30,2121,30,9,2015,0,2,40,2,1,1679.4946
2015-10-01,774,1,10,2015,0,3,40,1,1,860.90875
2015-10-02,819,2,10,2015,0,4,40,1,1,860.90875
2015-10-03,242,3,10,2015,0,5,40,1,1,245.0494
2015-10-04,0,4,10,2015,0,6,40,1,0,26.706736
2015-10-05,617,5,10,2015,0,0,41,1,1,681.4993
2015-10-06,1012,6,10,2015,0,1,41,1,1,860.4429
2015-10-07,993,7,10,2015,0,2,41,1,1,1083.4935
2015-10-08,992,8,10,2015,0,3,41,1,1,1087.0262
2015-10-09,973,9,10,2015,0,4,41,1,1,1087.0262
2015-10-10,326,10,10,2015,0,5,41,1,1,357.51337
2015-10-11,5,11,10,2015,0,6,41,1,0,26.706736
2015-10-12,0,12,10,2015,1,0,42,1,0,27.209618
2015-10-13,773,13,10,2015,0,1,42,1,1,958.18066
2015-10-14,982,14,10,2015,0,2,42,1,1,1087.925
2015-10-15,1051,15,10,2015,0,3,42,1,1,1087.0262
2015-10-16,1069,16,10,2015,0,4,42,2,1,1087.0262
2015-10-17,270,17,10,2015,0,5,42,2,1,343.5901
2015-10-18,0,18,10,2015,0,6,42,2,0,26.706736
2015-10-19,630,19,10,2015,0,0,43,2,1,779.6253
2015-10-20,909,20,10,2015,0,1,43,2,1,958.18066
2015-10-21,987,21,10,2015,0,2,43,2,1,1087.925
2015-10-22,979,22,10,2015,0,3,43,2,1,1087.0262
2015-10-23,920,23,10,2015,0,4,43,2,1,1087.0262
2015-10-24,428,24,10,2015,0,5,43,2,1,360.00595
2015-10-25,25,25,10,2015,0,6,43,2,0,26.706736
2015-10-26,741,26,10,2015,0,0,44,2,1,803.9578
2015-10-27,1075,27,10,2015,0,1,44,2,1,1140.0647
2015-10-28,1210,28,10,2015,0,2,44,2,1,1309.8121
2015-10-29,1395,29,10,2015,0,3,44,2,1,1535.8195
2015-10-30,1615,30,10,2015,0,4,44,2,1,1675.761
2015-10-31,757,31,10,2015,0,5,44,2,1,745.4691
2015-11-01,18,1,11,2015,0,6,44,1,0,26.706736
2015-11-02,0,2,11,2015,1,0,45,1,0,10.586908
2015-11-03,517,3,11,2015,0,1,45,1,1,790.0277
2015-11-04,792,4,11,2015,0,2,45,1,1,1030.5645
2015-11-05,904,5,11,2015,0,3,45,1,1,1081.6132
2015-11-06,986,6,11,2015,0,4,45,1,1,1089.5237
2015-11-07,370,7,11,2015,0,5,45,1,1,333.45126
2015-11-08,0,8,11,2015,0,6,45,1,0,26.706736
2015-11-09,773,9,11,2015,0,0,46,1,1,779.6253
2015-11-10,1019,10,11,2015,0,1,46,1,1,958.18066
2015-11-11,1051,11,11,2015,0,2,46,1,1,1094.854
2015-11-12,1099,12,11,2015,0,3,46,1,1,1093.9552
2015-11-13,1061,13,11,2015,0,4,46,1,1,1093.9552
2015-11-14,240,14,11,2015,0,5,46,1,1,337.23727
2015-11-15,1,15,11,2015,0,6,46,1,0,26.706736
2015-11-16,0,16,11,2015,1,0,47,2,0,27.209618
2015-11-17,651,17,11,2015,0,1,47,2,1,958.18066
2015-11-18,940,18,11,2015,0,2,47,2,1,1094.854
2015-11-19,1138,19,11,2015,0,3,47,2,1,1093.9552
2015-11-20,1100,20,11,2015,0,4,47,2,1,1093.9552
2015-11-21,295,21,11,2015,0,5,47,2,1,356.07275
2015-11-22,0,22,11,2015,0,6,47,2,0,26.706736
2015-11-23,766,23,11,2015,0,0,48,2,1,791.7161
2015-11-24,1048,24,11,2015,0,1,48,2,1,1017.499
2015-11-25,1243,25,11,2015,0,2,48,2,1,1217.6814
2015-11-26,1281,26,11,2015,0,3,48,2,1,1369.8323
2015-11-27,1344,27,11,2015,0,4,48,2,1,1393.5394
2015-11-28,617,28,11,2015,0,5,48,2,1,629.1969
2015-11-29,0,29,11,2015,0,6,48,2,0,41.765324
2015-11-30,1848,30,11,2015,0,0,49,2,1,1811.9889
2015-12-01,669,1,12,2015,0,1,49,1,1,723.24316
2015-12-02,949,2,12,2015,0,2,49,1,1,853.53595
2015-12-03,1053,3,12,2015,0,3,49,1,1,1115.003
2015-12-04,1281,4,12,2015,0,4,49,1,1,1282.8501
2015-12-05,350,5,12,2015,0,5,49,1,1,391.6761
2015-12-06,0,6,12,2015,0,6,49,1,0,26.706736
2015-12-07,807,7,12,2015,0,0,50,1,1,1009.90686
2015-12-08,5,8,12,2015,1,1,50,1,0,55.164402
2015-12-09,1032,9,12,2015,0,2,50,1,1,1247.4703
2015-12-10,1249,10,12,2015,0,3,50,1,1,1266.2739
2015-12-11,1387,11,12,2015,0,4,50,1,1,1441.2812
2015-12-12,364,12,12,2015,0,5,50,1,1,429.27756
2015-12-13,0,13,12,2015,0,6,50,1,0,26.706736
2015-12-14,1084,14,12,2015,0,0,51,1,1,1045.5315
2015-12-15,1303,15,12,2015,0,1,51,1,1,1416.9596
2015-12-16,1443,16,12,2015,0,2,51,2,1,1484.8234
2015-12-17,1429,17,12,2015,0,3,51,2,1,1503.627
2015-12-18,1681,18,12,2015,0,4,51,2,1,1555.7062
2015-12-19,544,19,12,2015,0,5,51,2,1,448.113
2015-12-20,5,20,12,2015,0,6,51,2,0,26.706736
2015-12-21,1198,21,12,2015,0,0,52,2,1,1168.452
2015-12-22,1789,22,12,2015,0,1,52,2,1,1599.1985
2015-12-23,1902,23,12,2015,0,2,52,2,1,1607.7439
2015-12-24,1164,24,12,2015,0,3,52,2,1,1473.8448
2015-12-25,0,25,12,2015,1,4,52,2,0,55.164402
2015-12-26,297,26,12,2015,0,5,52,2,1,394.7792
2015-12-27,3,27,12,2015,0,6,52,2,0,26.706736
2015-12-28,1288,28,12,2015,0,0,53,2,1,1379.5728
2015-12-29,2194,29,12,2015,0,1,53,2,1,2326.5903
2015-12-30,2775,30,12,2015,0,2,53,2,1,2448.4563
2015-12-31,474,31,12,2015,0,3,53,2,1,833.88715
2016-01-01,0,1,1,2016,1,4,53,1,0,12.4839
2016-01-02,3,2,1,2016,0,5,53,1,1,107.40052
2016-01-03,0,3,1,2016,0,6,53,1,0,26.706736
2016-01-04,100,4,1,2016,0,0,1,1,1,238.42035
2016-01-05,258,5,1,2016,0,1,1,1,1,350.5043
2016-01-06,419,6,1,2016,0,2,1,1,1,851.08856
2016-01-07,452,7,1,2016,0,3,1,1,1,869.1114
2016-01-08,782,8,1,2016,0,4,1,1,1,934.71674
2016-01-09,197,9,1,2016,0,5,1,1,1,232.00658
2016-01-10,2,10,1,2016,0,6,1,1,0,26.706736
2016-01-11,0,11,1,2016,1,0,2,1,0,29.875446
2016-01-12,565,12,1,2016,0,1,2,1,1,747.768
2016-01-13,1022,13,1,2016,0,2,2,1,1,912.46594
2016-01-14,992,14,1,2016,0,3,2,1,1,934.71674
2016-01-15,974,15,1,2016,0,4,2,1,1,934.71674
2016-01-16,291,16,1,2016,0,5,2,2,1,268.1944
2016-01-17,0,17,1,2016,0,6,2,2,0,26.706736
2016-01-18,667,18,1,2016,0,0,3,2,1,681.0122
2016-01-19,905,19,1,2016,0,1,3,2,1,820.00226
2016-01-20,904,20,1,2016,0,2,3,2,1,912.46594
2016-01-21,996,21,1,2016,0,3,3,2,1,971.05096
2016-01-22,923,22,1,2016,0,4,3,2,1,971.05096
2016-01-23,293,23,1,2016,0,5,3,2,1,283.27988
2016-01-24,0,24,1,2016,0,6,3,2,0,26.706736
2016-01-25,613,25,1,2016,0,0,4,2,1,681.5071
2016-01-26,901,26,1,2016,0,1,4,2,1,901.295
2016-01-27,1005,27,1,2016,0,2,4,2,1,1109.4443
2016-01-28,1231,28,1,2016,0,3,4,2,1,1212.8535
2016-01-29,1488,29,1,2016,0,4,4,2,1,1491.9746
2016-01-30,846,30,1,2016,0,5,4,2,1,801.8588
2016-01-31,0,31,1,2016,0,6,4,2,0,29.470425
2016-02-01,451,1,2,2016,0,0,5,1,1,490.34915
2016-02-02,694,2,2,2016,0,1,5,1,1,648.1274
2016-02-03,747,3,2,2016,0,2,5,1,1,897.8343
2016-02-04,931,4,2,2016,0,3,5,1,1,922.9873
2016-02-05,918,5,2,2016,0,4,5,1,1,922.9873
2016-02-06,226,6,2,2016,0,5,5,1,1,238.41113
2016-02-07,16,7,2,2016,0,6,5,1,0,26.706736
2016-02-08,653,8,2,2016,0,0,6,1,1,723.24084
2016-02-09,747,9,2,2016,0,1,6,1,1,819.712
2016-02-10,895,10,2,2016,0,2,6,1,1,912.46594
2016-02-11,924,11,2,2016,0,3,6,1,1,934.71674
2016-02-12,1003,12,2,2016,0,4,6,1,1,934.71674
2016-02-13,305,13,2,2016,0,5,6,1,1,268.1944
2016-02-14,0,14,2,2016,0,6,6,1,0,26.706736
2016-02-15,783,15,2,2016,0,0,7,1,1,723.24084
2016-02-16,773,16,2,2016,0,1,7,2,1,819.712
2016-02-17,1014,17,2,2016,0,2,7,2,1,912.46594
2016-02-18,941,18,2,2016,0,3,7,2,1,934.71674
2016-02-19,971,19,2,2016,0,4,7,2,1,934.71674
2016-02-20,225,20,2,2016,0,5,7,2,1,268.1944
2016-02-21,1,21,2,2016,0,6,7,2,0,26.706736
2016-02-22,738,22,2,2016,0,0,8,2,1,722.2791
2016-02-23,947,23,2,2016,0,1,8,2,1,915.3645
2016-02-24,1094,24,2,2016,0,2,8,2,1,1004.3172
2016-02-25,1104,25,2,2016,0,3,8,2,1,1053.1372
2016-02-26,1390,26,2,2016,0,4,8,2,1,1174.7365
2016-02-27,344,27,2,2016,0,5,8,2,1,521.7133
2016-02-28,0,28,2,2016,0,6,8,2,0,26.706736
2016-02-29,1545,29,2,2016,0,0,9,2,1,1335.7212
2016-03-01,644,1,3,2016,0,1,9,1,1,648.1274
2016-03-02,841,2,3,2016,0,2,9,1,1,720.2674
2016-03-03,845,3,3,2016,0,3,9,1,1,922.9873
2016-03-04,956,4,3,2016,0,4,9,1,1,922.9873
2016-03-05,211,5,3,2016,0,5,9,1,1,220.5043
2016-03-06,1,6,3,2016,0,6,9,1,0,26.706736
2016-03-07,809,7,3,2016,0,0,10,1,1,741.77563
2016-03-08,902,8,3,2016,0,1,10,1,1,819.712
2016-03-09,905,9,3,2016,0,2,10,1,1,912.46594
2016-03-10,984,10,3,2016,0,3,10,1,1,934.71674
2016-03-11,952,11,3,2016,0,4,10,1,1,934.71674
2016-03-12,248,12,3,2016,0,5,10,1,1,275.6056
2016-03-13,0,13,3,2016,0,6,10,1,0,26.706736
2016-03-14,707,14,3,2016,0,0,11,1,1,723.24084
2016-03-15,965,15,3,2016,0,1,11,1,1,819.712
2016-03-16,1132,16,3,2016,0,2,11,2,1,912.46594
2016-03-17,1125,17,3,2016,0,3,11,2,1,934.71674
2016-03-18,1234,18,3,2016,0,4,11,2,1,934.71674
2016-03-19,364,19,3,2016,0,5,11,2,1,268.1944
2016-03-20,1,20,3,2016,0,6,11,2,0,26.706736
2016-03-21,0,21,3,2016,1,0,12,2,0,29.875446
2016-03-22,667,22,3,2016,0,1,12,2,1,915.3645
2016-03-23,703,23,3,2016,0,2,12,2,1,1004.3172
2016-03-24,0,24,3,2016,1,3,12,2,0,58.059586
2016-03-25,0,25,3,2016,1,4,12,2,0,58.059586
2016-03-26,0,26,3,2016,0,5,12,2,1,191.2609
2016-03-27,0,27,3,2016,0,6,12,2,0,26.706736
2016-03-28,596,28,3,2016,0,0,13,2,1,782.8332
2016-03-29,928,29,3,2016,0,1,13,2,1,1259.3507
2016-03-30,1268,30,3,2016,0,2,13,2,1,1531.8076
2016-03-31,1861,31,3,2016,0,3,13,2,1,1639.364
2016-04-01,637,1,4,2016,0,4,13,1,1,718.3665
2016-04-02,152,2,4,2016,0,5,13,1,1,136.35442
2016-04-03,8,3,4,2016,0,6,13,1,0,26.706736
2016-04-04,512,4,4,2016,0,0,14,1,1,482.67255
2016-04-05,617,5,4,2016,0,1,14,1,1,645.8515
2016-04-06,896,6,4,2016,0,2,14,1,1,900.71094
2016-04-07,938,7,4,2016,0,3,14,1,1,930.28534
2016-04-08,888,8,4,2016,0,4,14,1,1,934.71674
2016-04-09,173,9,4,2016,0,5,14,1,1,215.32246
2016-04-10,0,10,4,2016,0,6,14,1,0,26.706736
2016-04-11,613,11,4,2016,0,0,15,1,1,720.575
2016-04-12,755,12,4,2016,0,1,15,1,1,819.712
2016-04-13,904,13,4,2016,0,2,15,1,1,912.46594
2016-04-14,899,14,4,2016,0,3,15,1,1,934.71674
2016-04-15,875,15,4,2016,0,4,15,1,1,934.71674
2016-04-16,199,16,4,2016,0,5,15,2,1,268.1184
2016-04-17,0,17,4,2016,0,6,15,2,0,26.706736
2016-04-18,674,18,4,2016,0,0,16,2,1,707.52246
2016-04-19,768,19,4,2016,0,1,16,2,1,819.712
2016-04-20,939,20,4,2016,0,2,16,2,1,912.46594
2016-04-21,1025,21,4,2016,0,3,16,2,1,971.05096
2016-04-22,898,22,4,2016,0,4,16,2,1,971.05096
2016-04-23,247,23,4,2016,0,5,16,2,1,264.84396
2016-04-24,0,24,4,2016,0,6,16,2,0,26.706736
2016-04-25,703,25,4,2016,0,0,17,2,1,723.1606
2016-04-26,1006,26,4,2016,0,1,17,2,1,980.4237
2016-04-27,1235,27,4,2016,0,2,17,2,1,1191.8801
2016-04-28,1252,28,4,2016,0,3,17,2,1,1407.4795
2016-04-29,1703,29,4,2016,0,4,17,2,1,1691.248
2016-04-30,899,30,4,2016,0,5,17,2,1,859.35126
2016-05-01,0,1,5,2016,1,6,17,1,0,26.706736
2016-05-02,374,2,5,2016,0,0,18,1,1,471.1968
2016-05-03,620,3,5,2016,0,1,18,1,1,637.2625
2016-05-04,840,4,5,2016,0,2,18,1,1,889.2453
2016-05-05,1001,5,5,2016,0,3,18,1,1,914.3983
2016-05-06,975,6,5,2016,0,4,18,1,1,921.69635
2016-05-07,255,7,5,2016,0,5,18,1,1,203.39622
2016-05-08,0,8,5,2016,0,6,18,1,0,26.706736
2016-05-09,0,9,5,2016,1,0,19,1,0,27.209618
2016-05-10,707,10,5,2016,0,1,19,1,1,811.123
2016-05-11,910,11,5,2016,0,2,19,1,1,903.87695
2016-05-12,987,12,5,2016,0,3,19,1,1,926.12775
2016-05-13,925,13,5,2016,0,4,19,1,1,926.12775
2016-05-14,220,14,5,2016,0,5,19,1,1,259.83334
2016-05-15,0,15,5,2016,0,6,19,1,0,26.706736
2016-05-16,687,16,5,2016,0,0,20,2,1,720.575
2016-05-17,796,17,5,2016,0,1,20,2,1,811.123
2016-05-18,905,18,5,2016,0,2,20,2,1,903.87695
2016-05-19,925,19,5,2016,0,3,20,2,1,926.12775
2016-05-20,918,20,5,2016,0,4,20,2,1,926.12775
2016-05-21,257,21,5,2016,0,5,20,2,1,259.83334
2016-05-22,0,22,5,2016,0,6,20,2,0,26.706736
2016-05-23,659,23,5,2016,0,0,21,2,1,719.6133
2016-05-24,941,24,5,2016,0,1,21,2,1,906.7755
2016-05-25,1107,25,5,2016,0,2,21,2,1,1022.2973
2016-05-26,1225,26,5,2016,0,3,21,2,1,1089.1276
2016-05-27,1375,27,5,2016,0,4,21,2,1,1337.5874
2016-05-28,358,28,5,2016,0,5,21,2,1,474.2051
2016-05-29,0,29,5,2016,0,6,21,2,0,29.470425
2016-05-30,0,30,5,2016,1,0,22,2,0,25.609972
2016-05-31,1613,31,5,2016,0,1,22,2,1,1729.5923
2016-06-01,439,1,6,2016,0,2,22,1,1,720.2674
2016-06-02,757,2,6,2016,0,3,22,1,1,718.3665
2016-06-03,904,3,6,2016,0,4,22,1,1,914.3983
2016-06-04,244,4,6,2016,0,5,22,1,1,217.57253
2016-06-05,13,5,6,2016,0,6,22,1,0,26.706736
2016-06-06,0,6,6,2016,1,0,23,1,0,29.747513
2016-06-07,648,7,6,2016,0,1,23,1,1,806.6916
2016-06-08,836,8,6,2016,0,2,23,1,1,903.87695
2016-06-09,863,9,6,2016,0,3,23,1,1,926.12775
2016-06-10,1073,10,6,2016,0,4,23,1,1,926.12775
2016-06-11,207,11,6,2016,0,5,23,1,1,255.2304
2016-06-12,0,12,6,2016,0,6,23,1,0,26.706736
2016-06-13,726,13,6,2016,0,0,24,1,1,720.575
2016-06-14,848,14,6,2016,0,1,24,1,1,811.123
2016-06-15,926,15,6,2016,0,2,24,1,1,903.87695
2016-06-16,884,16,6,2016,0,3,24,2,1,926.12775
2016-06-17,890,17,6,2016,0,4,24,2,1,926.12775
2016-06-18,195,18,6,2016,0,5,24,2,1,244.00954
2016-06-19,0,19,6,2016,0,6,24,2,0,26.706736
2016-06-20,653,20,6,2016,0,0,25,2,1,707.52246
2016-06-21,831,21,6,2016,0,1,25,2,1,847.4572
2016-06-22,966,22,6,2016,0,2,25,2,1,940.2112
2016-06-23,942,23,6,2016,0,3,25,2,1,1017.979
2016-06-24,970,24,6,2016,0,4,25,2,1,1017.979
2016-06-25,269,25,6,2016,0,5,25,2,1,259.3489
2016-06-26,0,26,6,2016,0,6,25,2,0,26.706736
2016-06-27,906,27,6,2016,0,0,26,2,1,808.02094
2016-06-28,1046,28,6,2016,0,1,26,2,1,1250.8424
2016-06-29,1464,29,6,2016,0,2,26,2,1,1451.2427
2016-06-30,2242,30,6,2016,0,3,26,2,1,1773.8486
2016-07-01,496,1,7,2016,0,4,26,1,1,718.3665
2016-07-02,81,2,7,2016,0,5,26,1,1,173.76706
2016-07-03,0,3,7,2016,0,6,26,1,0,26.706736
2016-07-04,0,4,7,2016,1,0,27,1,0,29.747513
2016-07-05,517,5,7,2016,0,1,27,1,1,637.2625
2016-07-06,762,6,7,2016,0,2,27,1,1,892.12195
2016-07-07,678,7,7,2016,0,3,27,1,1,921.69635
2016-07-08,939,8,7,2016,0,4,27,1,1,926.12775
2016-07-09,219,9,7,2016,0,5,27,1,1,249.77205
2016-07-10,0,10,7,2016,0,6,27,1,0,26.706736
2016-07-11,643,11,7,2016,0,0,28,1,1,720.575
2016-07-12,796,12,7,2016,0,1,28,1,1,811.123
2016-07-13,760,13,7,2016,0,2,28,1,1,903.87695
2016-07-14,724,14,7,2016,0,3,28,1,1,926.12775
2016-07-15,867,15,7,2016,0,4,28,1,1,926.12775
2016-07-16,222,16,7,2016,0,5,28,2,1,244.00954
2016-07-17,0,17,7,2016,0,6,28,2,0,26.706736
2016-07-18,584,18,7,2016,0,0,29,2,1,707.52246
2016-07-19,777,19,7,2016,0,1,29,2,1,811.123
2016-07-20,0,20,7,2016,1,2,29,2,0,49.470592
2016-07-21,816,21,7,2016,0,3,29,2,1,962.462
2016-07-22,893,22,7,2016,0,4,29,2,1,962.462
2016-07-23,226,23,7,2016,0,5,29,2,1,244.00954
2016-07-24,0,24,7,2016,0,6,29,2,0,26.706736
2016-07-25,697,25,7,2016,0,0,30,2,1,723.1606
2016-07-26,971,26,7,2016,0,1,30,2,1,980.4237
2016-07-27,1106,27,7,2016,0,2,30,2,1,1191.8801
2016-07-28,1312,28,7,2016,0,3,30,2,1,1407.4795
2016-07-29,1606,29,7,2016,0,4,30,2,1,1691.248
2016-07-30,959,30,7,2016,0,5,30,2,1,874.14197
2016-07-31,1,31,7,2016,0,6,30,2,0,29.470425
2016-08-01,404,1,8,2016,0,0,31,1,1,471.1968
2016-08-02,746,2,8,2016,0,1,31,1,1,642.95636
2016-08-03,838,3,8,2016,0,2,31,1,1,894.93915
2016-08-04,986,4,8,2016,0,3,31,1,1,920.09216
2016-08-05,898,5,8,2016,0,4,31,1,1,920.09216
2016-08-06,175,6,8,2016,0,5,31,1,1,232.83292
2016-08-07,0,7,8,2016,1,6,31,1,0,26.706736
2016-08-08,798,8,8,2016,0,0,32,1,1,729.94165
2016-08-09,954,9,8,2016,0,1,32,1,1,816.81683
2016-08-10,844,10,8,2016,0,2,32,1,1,909.5708
2016-08-11,1133,11,8,2016,0,3,32,1,1,931.8216
2016-08-12,968,12,8,2016,0,4,32,1,1,931.8216
2016-08-13,228,13,8,2016,0,5,32,1,1,255.72986
2016-08-14,0,14,8,2016,0,6,32,1,0,26.706736
2016-08-15,0,15,8,2016,1,0,33,1,0,27.209618
2016-08-16,692,16,8,2016,0,1,33,2,1,816.81683
2016-08-17,881,17,8,2016,0,2,33,2,1,909.5708
2016-08-18,972,18,8,2016,0,3,33,2,1,931.8216
2016-08-19,1017,19,8,2016,0,4,33,2,1,931.8216
2016-08-20,268,20,8,2016,0,5,33,2,1,244.509
2016-08-21,0,21,8,2016,0,6,33,2,0,26.706736
2016-08-22,728,22,8,2016,0,0,34,2,1,742.0325
2016-08-23,992,23,8,2016,0,1,34,2,1,912.46936
2016-08-24,1044,24,8,2016,0,2,34,2,1,1001.42206
2016-08-25,1106,25,8,2016,0,3,34,2,1,1050.242
2016-08-26,1111,26,8,2016,0,4,34,2,1,1174.7365
2016-08-27,356,27,8,2016,0,5,34,2,1,428.07486
2016-08-28,0,28,8,2016,0,6,34,2,0,26.706736
2016-08-29,973,29,8,2016,0,0,35,2,1,1367.3691
2016-08-30,1500,30,8,2016,0,1,35,2,1,1570.9022
2016-08-31,1941,31,8,2016,0,2,35,2,1,1759.8696
2016-09-01,677,1,9,2016,0,3,35,1,1,746.85205
2016-09-02,770,2,9,2016,0,4,35,1,1,746.85205
2016-09-03,180,3,9,2016,0,5,35,1,1,192.14221
2016-09-04,0,4,9,2016,0,6,35,1,0,26.706736
2016-09-05,611,5,9,2016,0,0,36,1,1,601.3531
2016-09-06,862,6,9,2016,0,1,36,1,1,742.22864
2016-09-07,999,7,9,2016,0,2,36,1,1,905.1394
2016-09-08,951,8,9,2016,0,3,36,1,1,931.8216
2016-09-09,974,9,9,2016,0,4,36,1,1,931.8216
2016-09-10,239,10,9,2016,0,5,36,1,1,244.44821
2016-09-11,0,11,9,2016,0,6,36,1,0,26.706736
2016-09-12,557,12,9,2016,0,0,37,1,1,729.94165
2016-09-13,932,13,9,2016,0,1,37,1,1,816.81683
2016-09-14,914,14,9,2016,0,2,37,1,1,909.5708
2016-09-15,891,15,9,2016,0,3,37,1,1,931.8216
2016-09-16,808,16,9,2016,0,4,37,2,1,931.8216
2016-09-17,195,17,9,2016,0,5,37,2,1,244.44821
2016-09-18,0,18,9,2016,0,6,37,2,0,26.706736
2016-09-19,695,19,9,2016,0,0,38,2,1,729.94165
2016-09-20,864,20,9,2016,0,1,38,2,1,816.81683
2016-09-21,934,21,9,2016,0,2,38,2,1,945.905
2016-09-22,885,22,9,2016,0,3,38,2,1,968.1558
2016-09-23,1031,23,9,2016,0,4,38,2,1,1023.67285
2016-09-24,130,24,9,2016,0,5,38,2,1,224.60693
2016-09-25,0,25,9,2016,0,6,38,2,0,26.706736
2016-09-26,685,26,9,2016,0,0,39,2,1,777.4239
2016-09-27,1050,27,9,2016,0,1,39,2,1,1036.6155
2016-09-28,1193,28,9,2016,0,2,39,2,1,1297.6567
2016-09-29,1457,29,9,2016,0,3,39,2,1,1523.6641
2016-09-30,2013,30,9,2016,0,4,39,2,1,1886.0089
2016-10-01,130,1,10,2016,0,5,39,1,1,185.52783
2016-10-02,0,2,10,2016,0,6,39,1,0,26.706736
2016-10-03,423,3,10,2016,0,0,40,1,1,510.16537
2016-10-04,667,4,10,2016,0,1,40,1,1,621.387
2016-10-05,846,5,10,2016,0,2,40,1,1,873.3698
2016-10-06,823,6,10,2016,0,3,40,1,1,905.82086
2016-10-07,865,7,10,2016,0,4,40,1,1,905.82086
2016-10-08,195,8,10,2016,0,5,40,1,1,238.2199
2016-10-09,0,9,10,2016,0,6,40,1,0,26.706736
2016-10-10,653,10,10,2016,0,0,41,1,1,729.94165
2016-10-11,832,11,10,2016,0,1,41,1,1,795.2475
2016-10-12,839,12,10,2016,0,2,41,1,1,888.00146
2016-10-13,860,13,10,2016,0,3,41,1,1,910.25226
2016-10-14,931,14,10,2016,0,4,41,1,1,910.25226
2016-10-15,213,15,10,2016,0,5,41,1,1,244.44821
2016-10-16,0,16,10,2016,0,6,41,2,0,26.706736
2016-10-17,0,17,10,2016,1,0,42,2,0,27.209618
2016-10-18,641,18,10,2016,0,1,42,2,1,795.2475
2016-10-19,781,19,10,2016,0,2,42,2,1,888.00146
2016-10-20,909,20,10,2016,0,3,42,2,1,910.25226
2016-10-21,983,21,10,2016,0,4,42,2,1,946.5865
2016-10-22,203,22,10,2016,0,5,42,2,1,244.44821
2016-10-23,0,23,10,2016,0,6,42,2,0,26.706736
2016-10-24,704,24,10,2016,0,0,43,2,1,726.8737
2016-10-25,916,25,10,2016,0,1,43,2,1,939.0383
2016-10-26,1037,26,10,2016,0,2,43,2,1,1082.2513
2016-10-27,1092,27,10,2016,0,3,43,2,1,1198.7565
2016-10-28,1304,28,10,2016,0,4,43,2,1,1388.9137
2016-10-29,540,29,10,2016,0,5,43,2,1,563.93445
2016-10-30,3,30,10,2016,0,6,43,2,0,41.765324
2016-10-31,1899,31,10,2016,0,0,44,2,1,1730.4718
2016-11-01,521,1,11,2016,0,1,44,1,1,621.387
2016-11-02,701,2,11,2016,0,2,44,1,1,727.1836
2016-11-03,815,3,11,2016,0,3,44,1,1,898.5228
2016-11-04,901,4,11,2016,0,4,44,1,1,898.5228
2016-11-05,243,5,11,2016,0,5,44,1,1,245.27989
2016-11-06,0,6,11,2016,0,6,44,1,0,26.706736
2016-11-07,0,7,11,2016,1,0,45,1,0,27.209618
2016-11-08,720,8,11,2016,0,1,45,1,1,795.2475
2016-11-09,835,9,11,2016,0,2,45,1,1,914.50964
2016-11-10,953,10,11,2016,0,3,45,1,1,936.76044
2016-11-11,967,11,11,2016,0,4,45,1,1,936.76044
2016-11-12,220,12,11,2016,0,5,45,1,1,255.48718
2016-11-13,19,13,11,2016,0,6,45,1,0,26.706736
2016-11-14,0,14,11,2016,1,0,46,1,0,27.209618
2016-11-15,679,15,11,2016,0,1,46,1,1,795.2475
2016-11-16,902,16,11,2016,0,2,46,2,1,914.50964
2016-11-17,1014,17,11,2016,0,3,46,2,1,936.76044
2016-11-18,1015,18,11,2016,0,4,46,2,1,936.76044
2016-11-19,265,19,11,2016,0,5,46,2,1,274.32266
2016-11-20,0,20,11,2016,0,6,46,2,0,26.706736
2016-11-21,761,21,11,2016,0,0,47,2,1,729.94165
2016-11-22,1048,22,11,2016,0,1,47,2,1,890.9
2016-11-23,1185,23,11,2016,0,2,47,2,1,1006.3609
2016-11-24,1141,24,11,2016,0,3,47,2,1,1028.6117
2016-11-25,1242,25,11,2016,0,4,47,2,1,1151.4391
2016-11-26,457,26,11,2016,0,5,47,2,1,322.70935
2016-11-27,0,27,11,2016,0,6,47,2,0,26.706736
2016-11-28,1052,28,11,2016,0,0,48,2,1,1118.4539
2016-11-29,1740,29,11,2016,0,1,48,2,1,2069.5386
2016-11-30,3109,30,11,2016,0,2,48,2,1,2452.2168
2016-12-01,812,1,12,2016,0,3,48,1,1,820.60315
2016-12-02,986,2,12,2016,0,4,48,1,1,880.55334
2016-12-03,295,3,12,2016,0,5,48,1,1,317.4458
2016-12-04,2,4,12,2016,0,6,48,1,0,26.706736
2016-12-05,917,5,12,2016,0,0,49,1,1,830.53827
2016-12-06,1261,6,12,2016,0,1,49,1,1,870.076
2016-12-07,1361,7,12,2016,0,2,49,1,1,1285.553
2016-12-08,5,8,12,2016,1,3,49,1,0,55.164402
2016-12-09,1340,9,12,2016,0,4,49,1,1,1295.1921
2016-12-10,441,10,12,2016,0,5,49,1,1,391.38242
2016-12-11,0,11,12,2016,0,6,49,1,0,26.706736
2016-12-12,1107,12,12,2016,0,0,50,1,1,1088.0457
2016-12-13,1600,13,12,2016,0,1,50,1,1,1459.4738
2016-12-14,1653,14,12,2016,0,2,50,1,1,1527.3375
2016-12-15,1626,15,12,2016,0,3,50,1,1,1546.1411
2016-12-16,1599,16,12,2016,0,4,50,2,1,1532.5452
2016-12-17,378,17,12,2016,0,5,50,2,1,391.38242
2016-12-18,0,18,12,2016,0,6,50,2,0,26.706736
2016-12-19,1240,19,12,2016,0,0,51,2,1,1168.452
2016-12-20,1567,20,12,2016,0,1,51,2,1,1539.8801
2016-12-21,1588,21,12,2016,0,2,51,2,1,1607.7439
2016-12-22,1644,22,12,2016,0,3,51,2,1,1555.7062
2016-12-23,1667,23,12,2016,0,4,51,2,1,1555.7062
2016-12-24,334,24,12,2016,0,5,51,2,1,381.90854
2016-12-25,0,25,12,2016,1,6,51,2,0,26.706736
2016-12-26,1234,26,12,2016,0,0,52,2,1,971.17554
2016-12-27,1922,27,12,2016,0,1,52,2,1,1941.7222
2016-12-28,2409,28,12,2016,0,2,52,2,1,2464.5813
2016-12-29,3603,29,12,2016,0,3,52,2,1,2578.1248
2016-12-30,965,30,12,2016,0,4,52,2,1,1709.5974
2016-12-31,46,31,12,2016,0,5,52,2,1,214.02882
